text,label
"ir sacelta brēka par melno stārķu bojāeju Latvijā. Bet eksperiments parādija, ka Latvijā nav gājis bojā neviens. Toties Āfrikā nēģeri laikam tos cep un ēd.",1
"Jā, politkorektums noiet līdz absurdam. Nēģeris ar vairs nav nēģeris bet afroamerikānis, afrolatvietis vai vēl kaut kā. Un krievs apvainojas, ja šamo par krievu nosauc..",1
"Vai hvanckara Tev ir ? Ja nu vajadzētu ieliet šamējam? Un vau Hercegovina Flor papirosi arī atrastos? Jo ja vecais zēns pamēģinātu iestīķēt savā pīpē kaut ko no mūsdienu cigaretēm, tad pamēģinājis, viņš kādi liktu nošaut. Ja nu vienīgi tiktu pie kāda Kubas cigāra, tos gan laikam šamais iepīpētu.",0
"cilvēki ir radīti pēc jehovas līdzības, tāpēc arī viņiem neizdodas ar pirmo reizi iekārtot savu dzīvi un apkārtni tādu, kādai tai jābūt, apmierināt gan savas, gan savu bērnu vajadzības...jācer, ka jehovam ar otro reizi izdosies radīt paradīzi tādu, kādai tai jābūt- bez runājošām čūskām, dēmoniem un pārtikā nederīgiem augļiem, no kuru ēšanas sākas nekrozes procesi ēdāju organismos- viņi mirdami mirst, vai mirst dzīvodami, vai dzīvo mirdami...;) mīl nevis tas, kurš nogalina bērnus, ja viņi dzīvo, kā paši grib, nevis kā grib `mīlošais`, bet gan tas, kurš pasaka, kā ir labāk, bet nenogalina... es tak savu meitu nesadedzināšu par to, ka uzvilkusi nevis ērtas sandales, botas, bet gan neveselīgās augstpapēdenes, bet tik pateikšu, kā ir veselīgāk, labāk, bet nogalināt par to, ka nedara kā es gribu- tā nu gan nav mīlestība... tāpat ar jehovu- ja viņš ir- tad viņš bija ir un būs nelietis, bet ja viņa nav, tad man nav nekādu pretenziju, ka ir tā, kā ir, jo nav tā, kurš varētu ieviest taisnīgumu un labāku kārtību...;)",0
"nu tas ir par lembergu, visu ceļu valdošie viņu grib iznīcināt, ļoti ceru ka viņam tiks dota iespēja reāli sevi pierādīt darbībā.",0
"Budismam it sevišķi Kašmiras Šaivismam... man nav ko teikt... mute paliek vaļā: Kāšmīras šivaīti un budisti tad iznāk gandrīz identiski, pār vienu kārti metami un grupējami kopā ar aramiešu (seno ZR semītu) pātariem... Kāšm. šaivismam viss esošais ir Brāhmana, augst. būtības izpausme, tas tomer nav budisms. Protams, Abhinavagupta darbojās tantrisma tradīcijās m.ē. 10.gs., bet tantrismam ar tēvreizi nudien nav nekāda sakara. Ar semītu ticējumiem, pateicoties žīdu un irāņu tirgotājiem, varēja iepazīties Gāndhāras budisti tag. Pakistānas ziemeļos m.ē. pirmajos gadsimtos, bet tas arī viss. Nav ko pesteļot. Drīzāk no franču / šveiciešu 16.g.s. kalvinisma jāliek aiz auss, ka Dieva žēlastība nāk pār garā stipriem un neatlaidīgiem, paļaušanās uz cilvēku prātu nav tīkama tam Kungam. Kaut gan esmu katolis, šo protestantu morāles maksimu par ķecerīgu man nav uiemesla uzskatīt.",1
"Pilna pasaule tādu prostitūtu. Jelgavā tāda prostitūta ir Gita Valecka. Nu jau veca grezele, bet tīri labi noder vīriešiem, kuriem neviena cita vairs nedod. Tad nu šī grābj pa labi, pa kreisi, ko vien var sagrābt. Un smieklīgi ģērbjas kā veca Bārbija. Nenosmieties par to veceni!",1
Kas tad tā par sociālo māju pie kuras stāv mersedesi... Nieku ciema krutākie bagātnieki dzīvo t.s. sociālajā mājā - parazītu bars. Kam patiešām pienāktos sociālā palīdzība tie dzīvo bomžatņikos.,0
"Fašisti ir tie , kas okupētā valstī pieprasa savu valodu . Pat vācu okupanti to nedarīja.",0
Nu nav viņš psihiski vesels. Nogalināt ir pretdabiski.,0
"Pesteļu olas. Vajadzētu apkaisīt ar sāli un sadedzināt uz vietas, ar rokām neaiztikt :)",0
"vienreiz jau cenzēja par taisnību, ieliku otreiz: Nu lai tik delfi pamēģina nocenzēt Wikipēdiju: Pederastija ir homoseksuālas attiecības starp pieaugušu vīrieti un puisi pubertātes vai pusaudžu vecumā. Tātad tātad jārunā atklātā valodā - pederasts.",1
"Cilvēki gan ir komentāros reāli debīli, zivīs ir tārpi, vienalga no kā pērk, kaut vai no glaunākajiem veikaliem pasaulē, tas nenozīmē ka zivs ir veca, dabiski zivīs un gaļā vispār ir parazīti, ja negribas sastapties ar parazītiem gaļā pārtopiet par vegāniem, idiotu bars",0
Tāpēc arī latvietes ir pasaulslavenas prostitūtas.,2
"Tāpēc jau krievu fašistus nekur neieredz,jo arī manam draugam tika izvarota Ogres rajaonā vecmāmiņa un lai varētu dabūt gredzenu no viņas pirksta,vienkārši ņēma un nogrieza,bet šāda laupīsana un izvarošana notika pa visu Latviju cilvēki daudz ir par to stāstījusi un nesaprotu kāpēc mūsu valdība nenojauc to falu uzvaras laukumā?Kamēr Latvijas krievi nesāks saprast ka šeit nav Krievija,bet Latvija,tikmēr šī dziļā aiza starp mums pastāvēs ļoti ilgi un ne jau mums ir jāceļ draudzības tilts pār šo aizu,bet viņiem!",0
"1897.g. tautas skaitīšana Kijevas guberņā: Ukraiņu val. 2820k, krievu val. 209k, poļu val. 70k. Tagad? Ukraiņiem ir par ko cīnīties. 20.gs. bija krievu triumfs, neviena cita tik efektīvi nespēja iznīcināt citas tautas. Tagad ziedu laiki ir garām. Bet bija tik labi.",2
"cilvēki ir tik truli, vakar šai dziesmai aplaudēja, bet šodien tām pašām plaukstām dziedātāju jāierok kapā! Liekuļu pūlis, kas tikai grib izklaidēties un pēc tam vēl nogalināt savus mīļotos klaunus!",0
KAP JUS NOSPRAGTU OKUPANTU CUKAS!!!!,2
nesaprotu šito mētāšanos ar ēdienu.. lielākā daļa pasaules dzīvo nabadzībā un badā bet te redz tradīcijas ielieik pa galvu ar olu ?! vēl jau viņiem tur tai pusē ar tomātiem un ar apelsīniem mētājās.. bļ.n.. tāpat nesaprotu to vēršu durstīšanu arēnās... kam nah.er tas vajadzīgs priecājās kā kādu var nogalināt.. un mēs esam homo sapiens.. tpu ...,0
"Iznīcināt 1000 savus iedzīvotājus ar zarīna gāzi Krievijai liekas normāli? Ak jau aizmirsu, Krievijai cilvēki nekad nav interesējuši, galvenais vara un politiskās ambīcijas...",0
"Tumsa iet uz beigām, tāpēc tā cenšas iznīcināt pēc iespējas vairāk, bet nekas, gaisma jau ir blakus, pirmie gaiļi jau nodziedāja un nu, lai Latvijas iznīcinātāji sāk gatavoties taisnai tiesai.",0
"Vienotajā Eiropā mums tās arhitekti labklājību nav plānojuši, un tev atliek tikai priecāties, ka būsi kļuvis par daļu no nēģeru, muslimu un pederastu sajaukuma.",1
"Tu esi muļķis un visi laikam ir muļķi,ka ļauj sevi vienkārši iznīcināt!",0
"Lata banknošu iznīcināšana ir muļķība un noziegums. Piemēram, Vācijā, deučmarkas glabā nenoskārstai vajadzībai...",0
"Paldies par tēmu. To ajadzētu paplašināti un padziļināti stāstīt un stāstīt, kamēr vēl ir cilvēki, kuri bija aculiecinieki kā uzvedās okupanti un kā oficeršas uzģērbuša kombinē gāja uz operu etc., etc.",0
īsts žīds ir Ilves un ne par ko labāks par Latvijas žīdiem.,1
"Ja voldemārs opelts vispār eksistē ,tad tādu deģenerātu pasaule vēl nav redzējusi.Kāda tev kretīn starpība Lembergs vai Krievija,ja tauta varētu dzivot labāk?Kaut vai čigāni un cukčas nāk pie varas,tomēr labāk būs kā patreizējie d....līdēji un tautas nodevēji....",1
Nolādētie okupanti Rīgu padara līdzīgu Maskavai ar rasPutinu.,0
"Mīļumiņ, tā &quot;naidīgu okupantu varza&quot; viegli var kļūt par lojālu pilsoņu varzu - tas ir tik no mums pašiem atkarīgs. Paldies mūsu politiķu tuvredzīgajai iekšējai politikai, un vieglu panākumu alkām, ka mums ir tas, kas ir :)",0
"Pareizi dara, es arī nebraukšu uz bijušo okupantu zemi nekad.",0
"Ārprāc! Cik nozēlojama ir šī tautiņa, ka te var lasīt tādus komentārus, ka visās nelaimēs vainojama valdība, Ušakovs, žīdi, krievi, Maskavva, NATO, ES un vēl sazin kas, bet tikai ne paši rakstītāji, kas noteikti vai nu vēlēšanās sēdēja pie šmigas glāzes, vai stulbi, neko nedomājot balsoja par to pašu saeimu un tiem pašiem deputātiem tikai lai nobalsotu un dabūtu pasē zīmodziņu savam mierinājumam, ka nu ir izdarījis visu, lai Latvija būtu paradīze zemes virsū.",0
"Ušakov,tevi tauta patrieks ar tavu žīdu Ameriku.Jums abiem pa nakti ap gultu staigā mani mirušie.Jo tikai viņi zina ,kas vainīgs.",1
"Ghi ghi, manas vēnas ir arī latviesu (lotgolisu) asins ar vecticībnieku asinām, es pēc šiem apstākļiem emu okupants? Tad paskati uz latviešu uzvārdiem visa latvija veidota no okupantiem, neviena tīrsasiņaina latviešu nav palicis viņi nomira kā dinozauri!",0
"tam klaunam aŗī žīdu globalizatori ir ieteikuši popularizēt Latvija airo. Nu kā lai savādak saprot to jautrību, ar kādu tas klauns tagad par eiro iepirksies. It kā no katres bankomātos nav iespējams izņemt vietējo valūtu.",2
"Vislielākās pārmaiņas atkal gaida mūs-uzņēmējus, kurus par katru cenu šitie pamuļķi cenšas iznīcināt.",0
"Ausainis izdomājis RĪGAS okupantu pensionāriem ,kas Rīgà sastāda 3/4 no kopèjā pensionāra skaita ,uz visas Latvijas iedzīvotaju rēķina ,apmaksāt brīvbiļetes.Cik Latvijas nodokļu maksātājiem šis Ausaiņa kārtèjais eksperiments izmaksās?Vai kàds vispàr ir painteresējies cik tas RĪGAS budžetam izmaksā?",0
Šo lopu aiz pautiem pakārt,1
"Tas nav nekāds mūsējais, bet jūsējais,t.i. okupantu atvašu naida kurinātājs un revanšists.",0
"Ļoti pareizi Volodja,viņi nav nepilsoņi,viņi pēc Ženēvas konvencijas ir OKUPANTI un tev Volodja bija viņus visus !! jāsavāc uz Krieviju !! Tu jau paliec nekaunīgs Krievijas dēls!!",0
"Vai šonedēļ arī būs salūts?Ceturtdien 25.decembrī bija ,1.jauvārī bija, derētu arī nākošās nedēļas pa salūtam, jo redzams, ka citādi naudiņu neprot iznīcināt (citādi nenosauksi). Primitīvi!",0
ne jau VISI tur ir čigāni. Aizbrauks darba spējīgi un Lielbritānijas uzņē'mējiem nebūs jābankrotē. Vietējie prot tikai protestēt un pūst taurītē.,1
"Paskatoties uz vietējo čigānu darba sparu un nodarbēm, kļūst žēl mūsu Eiropas Savienību.",1
Čigāni saviem zirgiem esot bieži devuši vārdu Dolārs.,1
"Bībele pat šodien satur aicinājumu ,atļauju nogalināt par masturbāciju, dzīt laukā sievietes menustrācijas laika. Bībele atļauj nogalināt par neticību Dievam. Bībele ir izaicinājums likumam ,satversmei ,vispārcilvēciskajām vērtībām.Bībele ir ienaidnieks zinātnei, medicīnai un progresam.",0
"Bet vai tad jau aizmirsi,kā taurēja propagandas mašīna, kāda laba dzīve mums sāksies pēc eiro ieviešanas....investīcijas plūdīs iekšā, nevajadzēs konvertēt valūtu, radīsies jaunas darba vietas, palielināsi es algas, pensijas...nu apmēram tā pat, kad stājamies ES arī skaloja smadzenes. Drīz jau laikam sāksim izjust to labo dzīvi, jo citādi nebija jēgas latu iznīcināt vai ne?",0
"okupantu nauda!Visu politiku diktē divas ģimenes,Rokfellers ar Rotšildu ģimeni!Viens pa ASV otrs pa eiropu...Viņu mērķis ir ieviest uz pasaules vienotu valutu...",0
"krievijā pietiks arī tev vietas..par mums vari neuztraukties,bet vispār kapi palielinās -- pirmie okupanti ir jau veci.",0
"Man nepatīk okupantu muldēšana, varēja jau vienreiz aizvērties šovinistu rupors. Daudz kas nepatīk tiem bijušiem okupantiem.",0
"Kādā valstī dzīvojam, vai PSRS kad vajadzēja tikai rkstīt i pļurkstēt krieviski, tas ir okupantu valodā. Tē ir Latvija, te jārunā latviešu valodā.",0
"žīda smakai jābūt ,mūsu žīdi par pasauli slapstās !",2
"Žīdi arī var spridzināt, kā izrādās.",2
latviski ir eiris eiro tas ir okupantu valodā !!!,0
latviski ir eiris eiro tas ir okupantu valodā !!!!,0
"Vai zini, kā katoļi ienāca šajā zemē? Kā okupanti.",0
"es ari par eiro.ticiet bus labak.Ne pa velti visi musu okupantu pecteci peksni ir PAR latu,peksni baigie patrioti palikushi.Smiekli nak!Vini vienkarshi saprot ka ar eiro ieviesanu mes atkal mazliet attalinamies no vinu matj-rodinas.",0
"kur Putina koris, kuri brēkā visos saitos par Putinu, atbalstot viņa jauno ideju - iznīcināt līdz saknei.",1
Čigāni ir mūsu biedrības pamatelektorāts.,1
"Kas par modi: okupēt cilvēkiem valstis, izlaupīt, iedzīt nabadzībā un pēc tam izdzīt trindā , saucot to par &quot;civilizācijas labumu sniegšanu&quot;... un es vēl domāju, ko te pa internetu staigā tās idejas celt čigānu ciematus..ja jau sabrauks savējie, tad i pilsētas sacels, citi ķīniešu, citi čigānu- nedod dies, ka tik ne latvieši- tie nabagi jāizēd pavisam...",0
"Ja Zeds tiešām ir hinduists, tad runā tīro populismu! Čigāni ir zemākā no kastām un pēc karmas likumiem, ko hinduisms atzīst, piedzimt šajā kastā nozīmē maksāt par saviem grēkiem un izpirkt ar dzīvi. Indijā ir vēl zemāka kasta par šudriem (pie kā pieder čigāni), mļeči- nepieskaramie. Pasaule, tāpat kā dzīvs organisms, norobežojas no baciļiem vai mēģina tos neitralizēt un izvadīt.",2
"Kāpēc šie aicinātāji nepavaicā šiem čigāniem, ko viņi paši ir darījuši, lai sabiedrība viņus neatstumtu, lai uzticētos un pieņemtu? Vai viņi maz spējīgi dzīvot godīgi strādājot? Jāsaka gan, ka Latvijas izcelsmes čigāni, ne no bijušās PSRS un Moldovas iebraukušie, kas apdzīvo Sabili, Kandavu ir pavisam citas raudzes, labi sadzīvo un godīgi strādā.",2
"Šeit priekš viņiem ir radīti vislabākie apstākļi, pirms vēlēšanām dome par nodokļu naudu taisa sētas pie čigānu mājām apmaiņā pret balsīm, puse pilsētas jau tagad izskatās pēc cūku kūts, pārējie no šejienes bēg projām...drīz Viļaku varēs pārdēvēt pat Romu....",1
"Es esmu absolūti pret uzskatu, ka visi čigāni šmaucās, nestrādā un negrib strādāt parastu darbu, jo es zinu tieši vienu čigānu, kurš ir izmācījies, gudrs un visādi citādi cepuri nost viņa priekšā!",2
"moderator tu esi vai nu čigāns vai PIdagogs,ka nelaid cauri komentus...",2
"Katru dienu novēroju diskrimināciju.Ne visas somas un kabatas pieņem čigānu sastrādātās rokas,bieži pat draudus un necenzētus vārdus nākas dzirdēt.",0
"Bet es zinu desmitiem latviešu,kuri dzīvo kā čigāni un negrib ne mācīties ne strādāt!",2
Viņš jau gribētu bet čigāni nav tik dumji kā viņam gribētos un uz Nevadu nebrauc!,0
"Nu ko viņiem darīt darīt dzimtenē? Tur viss ir nozagts, tagad jāmauc uz citām valstīm uzdarboties! Visi čigāni ir spekulanti un krāpnieki, neesmu nevienu vēl jēdzīgu saticis.",2
"Jā, zagšanas jomā čigāni ir nepārspējami.",2
"Pie čigānu &quot;aparteīda&quot; visvairāk vainojami viņi paši. Jau viņu &quot;politkorektais&quot; pašnosaukums &quot;romi&quot; nozīmē &quot;cilvēks&quot; _pretnostatījumā_ visiem pārējiem, tieši tāpat kā kopienas iekšējo likumu pacelšana pāri valsts, kurā atrodas, likumiem. Tāds neliels lokālais šariāts. Viņi paši ir sevi nodalījuši no pārējiem un nebūt netaisās to mainīt. Pastāstiet, kā mēs to varam izdarīt viņu vietā?!",2
"Man vienmēr ir radījusi izbrīnu mūsu valsts vadības attieksme pret dažādiem ārzemju &quot;vadoņiem&quot;. Šoreiz pret Radživu Zedu, citrreiz pret to pašu Zurovu. Kuri principā ir nulles ar lielu muti, un kurus vienkārši nav jāklausās. Savā laikā Zeda priekšā visa Saeima centīgi taisnojās, kāpēc Saeimas kapelā viņam neļauj noturēt hinduistu dievkalpojumu, tagad daudzu svarīgāku jautājumu vietā laikam tiks izskatīts jautājums, ko Zeds teica par čigāniem. Jā, _Latvijas_ čigāniem ir problēma ar viņu pašu integrāciju sabiedrībā, un to ir vispirms jārisina _viņiem pašiem_. Labāk vai sliktāk, bet Latvijas čigānu kopienas vadība to cenšas darīt. Un Bulgārijas un Rumānijas čigāni šeit netiek un netiks aicināti un integrēti _uz mūsu rēķina_. Ne šiem čigāniem, ne Zedam mēs neesam kaut ko parādā.",0
"Parādā esošais okupants? Jā, jūs tiešām esat daudz parādā latviešu tautai.",0
Drīz mācības būs okupantu u r l u riešanā . Kad to smerdeli patrieks ?,0
"Cik dīvaini un tumsonīgi ir šie cilvēciņi, kas ārdās par sūda pieminekli un dzīvo savā žultainajā indē... Ir Latvijai taču svarīgākas problēmas mūsu dienās, ne? Cik var rakāties vēstures mēslos kā cūkas un kviekt.. 9. maijs, UAAAA, 16. marts, UAAAAAA, okupanti, fašisti, nez kas vēl, UAAAAAAA!!. Ko jūs gribat, lai jūsu bērni arī šādā naidā aug un dzīvo, lai viens otru apsaukā un akmeņiem apmētā? Un ko tas dos, ja arī nojauktu to piminekli? Vai tas mainīs to cilvēku pārliecību, kas tur iet, un kuriem tā vieta ir svēta? Kristietību viduslaikos nesa ar krusta kariem, inkvizīciju, tāpēc jauksim baznīcas nost? Iesim ozolu birzīs Pērkoņtēvu pielūgt?",0
"ja nometīs atombumbas, paši iznīks. Maskavā dzims kropļi, kā tagad Černobiļas apkaimē. drīzāk iesūtīs nogribējušos un pazemotos krievu zaldātus, kas lūrēs kā ko nolaupīt, vai izvarot. 91. gadā puča laikā Latvijas radio apsargāja krievu milice ar lieliem pupiem. Tikko atstāta viena ar krievu desantnieku, šamējais metās šai virsū gar pupiem grābstīdamies:) ....neskatoties uz to, ka abi bija krievi:D",0
"Piemiņas siena ir tiem, kurus apšāva krievu okupanti slepkavas, kuri apdirsās un muka kā utis prom, kad Vācieši atbrīvoja rīgu, jo nošāva cilvēkus par smēķēšanu(tjipa signalizē vācu bumbvedējiem) utt. Laikam nevar vēl aizmirst kā apmīzušies padirsa Rīgu un tā ari nekad nevarēja uzvarēt Kūrlandes Aizstāvjus!",0
"Latviešu valodā vārds &quot;žīds&quot; ir izmantots vismaz trīs gadsimtus, kopš kura brīža tas ir uzskatāms par aizvainojumu? Tad jau krievus arī jāsauc par ruskijiem, zviedrus par svēdiem, igauņus par estiem utt. arī - angļiem, somiem un citām tautām mums ir savi vārdi, kuri nav &quot;sazilbējami&quot; ne ar vietējo ne citām valodām. Ko var ņemties ar tiem ŽĪDIEM? Žīdsi r žīds.",0
rudā lapsa okupantu [cenzēts] līdēja,0
"&quot;Tā ir..., Tā ir...&quot; 50 gadus tā sadarbojāmies ar krieviem un tā plaukām, ka nevar saprast kā šurpu nokļuvām .... Bet tagad viss krievu laikos uzceltais sāk brukt ,bet uzpasēt nevajadzēja,tā tak okupācijas palieka,nu skatīsimies kā jaunie okupanti cels Latvijas labklājību.",0
"Pareizais prūšu pilsētas nosaukums ir KARAĻAUČI (vācu okupanti gan krustneši, gan hitlerieši visos laikos šo pilsētu devēja par Kēnigsbergu, krievu komūnisti - par Kaļiņingradu).",0
"Pediņš, Tu, izvirtulis. Zonā Tu pasēdētu pliks...",2
Kad izskatīs jautājumu par okupantu brīvbiļetēm vienvirziena izbraukšanai uz austrumiem?,1
"Kopš atvēra robežas, cilvēkiem ir iespēja nopelnīt vairāk vecajās Eiropas valstīs. Latviju izshēmoja NORMĀLIE Šķēles, Lembergi un citi parazīti.",0
"Okupēja Latviju Padomju savienības armija, kuras sastāvā bija igauņi, lietuvieši, latvieši, ukraiņi, gruzīni un visi viņi bija kompartijas biedri. Tātad, komunistiskās partijas biedri, tās ideoloģijas piekritēji ir okupanti un Neatkarīgas Latvijas nodevēji.",0
"Superīgi sanāk, Rīgā dzīvo cilvēki aiz Rīgas robežas necilvēki. Dzīvoju 4 km no Rīgas robežas iepērkos Rīgā strādāju arī , bet esu necilvēks kuram jāmaksā transportā vairāk, pasakiet --- AR KO ES ESU SLIKTĀKA PAR RĪDZINIEKEIM??????",0
"Rīgā darba vietu vairums - valsts iestādes un tie, kas to apkalpo. Vēl tūrisms (kur okupantu ieguldījums mazs, ne jau sovjetu smirdoņu te kāds brauc baudīt). Bezzobu valdība, kas to atņem Latvijai.",0
"To okupantu pieminekli vajadzēja novākt tajā pašā laikā, kad novāca ļeņinekļus. Tā tas tika izdarīts Jelgavā, un problēmu vairs nav.",0
KURŠ NORMĀLS LATVIETIS OKUPANTU SIMBOLUS SLAVEES,0
krievu okupanti gadsimtiem dzēruši cit5u tautu asinis,1
"Vajag DEMONTĒT šo un vēl veselu baru, kas saistās ar padomijas tēmu un izveidot ko līdzīgu leišiem- Gruto parkas, kur tādi savākti. Vēsture ir vēsture un tur neko nepadarīsi. Kāpēc iznīcināt, ja pēcāk var taisīt biznesu? 9.maijā &quot;īstenie&quot; Latvijas iedzīvotāji tur pulcēsies, liks ziedus un maksā par ieeju. Iznīcināt ir viegli, bet ko parādīsim nākamām paaudzēm? lai zinātu ar ko nāksies sastapties, ja šie te sāks valdīt.......",0
"NAV TAS PIEMINEKLIS NEKĀDĀ VEIDĀ SAISTĪTS AR LATVIJAS OKUPĀCIJU ,TAS IR CĪŅAS UZVARU PRET HITLERIEŠU FAŠISMU . JA UZVARĒTU VĀCIJAS FAŠISTI BŪTU VĒL SLIKTĀK NEKĀ PSRS ,TO PAREDZĒJA HITLERA PLĀNS ,LIELĀKO DALU IZNĪCINĀT , PĀRĒJOS PAR BRĪVU , BEZ SAMAKSAS , IZMANTOT KĀ VERGUS UN .T.T. VAJAG LABI MĀCĪTIES VĒSTURI ,KĀDI BIJ HITLERIEŠU PLĀNI ?",0
"Patiesībā vienus okupantus nomainīja citi, vēl daudz briesmīgāki - sarkanie okupanti",0
"Nu faktiski jau latvieši vēlas Latviju bez visas šīs naidīgās okupantu varzas, ko putins aizmirsis savākt atpakaļ uz savām sādžām.",0
Nošaut tos kretīnus un viss...,1
"tie rašas [cenzēts] un mūsu 100 zilīši visi uz vienu roku grib mūs apcirpt un izvarot gan morāli gan garīgi, jāņem dakšas un jāiet ieviest jaunā kārtība drīz",2
Tiks apspriesta sc vēlētāju deportācija uz etnisko dzimteni.,2
"Vienīgie, kurus vajadzētu pakārt, ir Rīgas izzadzēji Ameriks un Ušakovs. Pakārt Uzvaras laukumā!",2
"Kaka lasti - tas skan pēc žīdu valodas, nevis pēc amerikas latvieša. Amerikas latvieši ir pasaules zelta fonds! Past to tu, cūka, nesaproti!",0
Nu Lettiņi! Ir jau laiks SAPRAST! kas ir Latvju TAUTAS ==iznīcinātājs!== VIENOTĪBA=? LŪK -kur okupanti ! Pret savu TAUTU! kopā ar =rižo= slotu !,0
"kad kim čen ir am ir vārda diena?- par viņa dzimšanas datiem ziņu nav. pils.bērziņš, pareizāk, viņa sekretutka, varētu veikt kādu apsveicienu! nu, kaut, žīdu jaunajā gadā. vai, ķīniešu. bet, po russki, požaluista.",0
"Ušakovs radija RMS ar vienu domu- iznīcināt privāto biznesu, mikriņus! Lai RS būtu monopolisti!!!",0
"Krievu žīdi demonstrēs vecu kara tehniku .Teātris ,kas smīdinās eiropiešus.",1
1991.g. bija klintona un jeļcina vienošanās par okupantu integrēšanu Latvijā. Tā kā neko nemainīs. .,0
tie parazīti uzņēmēji tikai savāc naudu kura pienākas dombrovskim siliņai un bukānei.,0
tie parazīti uzņēmēji tikai savāc naudu kura pienākas dombrovskim siliņai un bukānei..,0
"Ko jūs atkal nīdat, kādi okupanti. Beidzot varēsim ietaupīt uz valūtas maiņām, iepirkšanos internetā utt. Esmu nodokļu maksātājs nevis parazitētājs kā visticamāk lielākā daļa no šiem ņaudētājiem.",0
"Tā ir atklāta vai slēpta Latvijas valsts varas, satversmes un likumdošanas izvarošana. Pareizticīgai baznīcai un vietējiem kņaziem un baroniem neviens nav devis tiesības skaldīt Latvijas valsti guberņās. Visā Eiropas rietumu daļas pareizticīgie svin svētkus kopā ar pārējām konfescijām. Tikai Krievijas impērija grib izcelties ar savu &quot;autonomiju&quot; un izredzētību.Latvijas valstij ir jādara vis lai pareizticīgā baznīca pārietu Kontantonopiles garīgajā pārraudzībā.Kāpēc somi to varēja izdarīt?",0
"Bērziņ ! Kāpēc apklusi kad krievi sāk ieviest savus svētkus un pasludināt brīvdienas ? Atkāpies ,jo tu nekāds prezidents neesi , bet okupantu kalps .",1
Potējot un attārpojot Jūs nogalināt visas manas potenciālās spējas palīdzet pret astmu un alerģiju.,0
"Komjaunatnes profesionālais parazīts. Bet darbs ĀM norāda, ka biedram, iespējams, ir arī greiza orientācija.",2
"Ja Dombrovskis ar Čigāni izvēlas un vērtē prejera kandidatūru - tad valstij jau ir vāks. Ja vēl līdz šim brīdim bija kaut neliela, bet cerība, tad nosaucot šīs prsonas vairs nav ne jautājumu ne ceību. Malacis Solvita, izceļot tādus kā čigāne, likvidē sev konkurenci. Un tikai!",0
"Par otro-pēdējo ubagošanas gadījumu nezināju, zināju tikai to , kur prasīja naudu ceļam. Lai brauc atpaka[l uz Krāslavas pusi, saimniekiem kūts meitas ir vajadzīgas, dungojot varēs slaukt govis, arī govīm izslaukums celsies. Bet kur patreiz ir viņas bērnu bariņš, vai tāpat tiek vazāts apkārt pa pasauli. Neapkaunojiet Kombuļus, jo tur dzīvo kārtīgi cilvēki, nerakstat Kombuļu Inese, bet kaut vai Paskvāļu Inese[ pagaidām.].Pēc tam atkal būs kāda Nēģeru Inese u.t.t.",1
"Nolādu tos kārklu latviešus, kuri tupi, lai realizētu amerika biznesu, gāja pavadā, un rezultātā okupanti valdīs pār mūsu Rīgu. Kropļi, kā es jūs ienīstu un nolādu līdz septītajam augumam, kuri redz tikai savu bikšu priekšu! Vēl nāks piektais gads, un neviena okupanta vairs nebūs mūsu LATVIJĀ!!! Un kārklu latvieša arī! Tas ir vislielākais noziegums pret valsti, tautu-nodot savu zemi, Rīgu okupantiem!!!",2
"Vai kāds no tiem, kas putām uz lūpām apgalvo, ka padomjlaikos tiesas bija ļaunas, pildīja PSKP pasūtījumu iznīcināt latviešu nāciju, tagad varēs apgalvot, ka mūsdienu tiesas ir eņģeļi ar baltrozā spārniņiem?",0
Cik tie žīdi ir pasaulē sūdus sataisījuši.Ne velti bija grāmata izdota ar nosaukumu; žīdi valda pasauli. Tu rakstot laikam neko nezini par joskēm.,2
"Un kurš tad no privātajiem spēs?? Tādi kā Kargins un Krasovickis, vai tie žīdi no Liepājas metalurga? Lieliem uzņēmumiem vispār ir jābūt valsts rokās, jāpieder tautai, nevis pāris žīdeļiem, kuri nutad sāks grozīt cenas kā ienāk prātā!!",1
"Šie jau arī okupanti ,kā pie jums krievi sabraukuši tīrīt mūsu tualetes un miskastes atņemot bezpajumtniekiem darbu ārā no Īrijas uz dzimtajām mājām uz Latviju !",0
"Tev taisnība, tā tiešām ir! Bet mūsu drauga, krievijas domes vicespīkera Žirinovska teiktais, ka Baltijas valstis vajag okupēt un iznīcināt, bija domāts pārnestā nozīmē.",0
okupants urlakovs apmīzies ar putām uz lūpām aizstāv manu radu slepkavām veltīto pieminekli ...,0
"To okupantu sapulcēšanās vietu, okupantu pieminekli vajag nojaukt.",0
Bieži režosrors grib nogalināt aktieri.,0
"Ja vīrietis iegulda naudu savā māja un auto vai hobijos - tad ok? Bet, ja tā lutina un uzfrišina savu sievieti sev par prieku - tad sieviete ir prostitūta? Nu gan samuldējies...",0
"Vakar raksta par gadījumu, kad aizvakar Tukumā un Pūrē policija dzinās pakaļ kādai mašīnai, kurā brauca kāda sieviete- grūtniece un šāva. It kā tā mašīnas vadītājs nesamksāja naudu par 200 degvielas. Tas, ka varēja nogalināt šo grūtnieci un nevainīgu garamgājējus, policijas vadību nesatrauc. Nosodījumu policisti nesaņēma. Tad nav brīnums, ka policisti jau dara, ko grib.",0
"Tu drusku nesaproti, par ko runa - zagt nedrīkst, bet, padomā, kādam riskam šādai stulbai vajāšanai tika pakļauti nevainīgi pretimbrauvcēji un arī par to - vai 200 Ls dēļ ir vērts kādu nošaut?",0
"Alkatība aizmiglo prātu :) Es pirms pāris gadiem gribēju pārdot telefonu, ieliku sludinājumu un vienīgais interesent s bija kād nēģēris no Āfrikas. Šamais piedāvājās nopirkt manu telefonu par divkāršu cenu. Uzreiz sapra tu, ka tā ir shēma, bet sāku spēli ar neēģeri. Nosklaidrojās, ka viņam vispirms jāsaņem telefonu, tad viņš pārkaitīs jau trīskaŗšu summu, jo mans godīgums viņam esot iepaticies. Paņēmu telefona oriģinālo kārbiņu, ieliku tajā kartupeli un pāris Latvijas granīta šķembas. Nosūtīju un aizsūtīju uz e-pastu apstiprinājumu, ka manta nosūtīta. Pēc tam ik pāris dienas bumboju nēģeri ar brēcieniem pēc naudas, bet nēģers klusēja. Beigu beigās atnāca vēstule ar baisie lamu vārdiem un lāstiem - kā es viņu, nabadziņu, esot piekāsies. Es ar vislabākajiem nolūkiem, bet tu ar mani tā, rasists tu nolādētais :)",1
"Pastāsti arī pārējiem,kā tu konkrēti gāzīsi ''okupantu varu''? Pie datora vai zem mammas bruņča,diez' vai kas sanāks.",0
"Pie mums jau ar tagad nāvīgi daudz, pret valsti nozombēto. Tikai atšķirībā no Krievijas tie pa tiešām ir ārvalstu aģenti, visādi Gopaņenko un vietējo okupantu izdzimteņi.",1
NKC kārtējā liekēžu barotava.Kā parazīti barojas no citu darba augļiem.,0
"ES LAJ IZBEIDZ UZTURĒT ĀFRIKU !!! Āfrikā pašiem papilnam MILJARDIERU UN NAUDAS PSRS laikā ,,okupantu,, laikā viss onkoārstēšana bij pavelti,nebij bailes slimot.......TAGAD ŠAUSMU VALSTS !!",0
"lai pēta visu tikai, lai nesaka, ka ir bijuši cilvēka senči - nekad nav tādi bijuši pat ne pirms miljons gadiem, ja arī bija, tad tā varēja būt atsevišķa ne īpaši gudra suga kuru vnk parastais cilvēks izkonkurēja. cilvēks kāds tas ir bijis tagad ir bijis vienmēr. tāpat kā vēl joprojām ir zivis, kaut gan okeāns ir vecs un nav izkāpušas sauszemē - evolūcija ir lielākie žīdu meli par dabu un izcelsmi un ir pat biologi, kas tam vēl tic. kad beidzot nostāsies kāds publiski pret šo murgaino hipotēzi.",2
"Pareizi! Izraelas valdībai jāmaksā kompensācijas cietušiem, jo žīdi izraisija otro pasaules karu!",2
"Tak nošaujiet to debiloīdu! Tas čehujs man jau sāk besīt tāpat ka cirvis pļūtins, abi noreibusi no varas jau vairs nezina, kam kāpt uz galvas, kuru izbarot suņiem, kuru nosodīt un kuru amnestēt! Slimi stulbenji, nošaut abus!",1
"&quot;Labie darbi&quot; - Valsts pamatu graušana, okupantu svētki Pārdaugavā, vēršanās pret Valsts valodu u.t.t. Mūsu senči, droši vien, ir vairākas reizes apgriezušies kapā par tādu Latvijas galvaspilsētas mēru.",0
"pareizticīgie ir krievu okupantu marionetes,droši var tos saukt par putinticīgiem,un priesteriem izsniegt militārās pakāpes",0
"Valsti izlaupīja okupanti 1940. gadā, kad šāva un deportēja latviešus. Naida ideoloģija bija tā, ko piekopa okupanti šeit visus 50 okupācijas gadus, mērķtiecīgi iznīcinot visu, kas bija sastrādāts un uzcelts Ulmaņlaikos, pie kam iesūtot ap 1 milj. kolonistu un 300 000 armijnieku, lai rusificētu Latviju un iznīcinātu latviešu tautu. Tas, kas notika pēdējos 20 gadus, kad bijušie komuņagas un čekisti veica tā saukto &quot;prihvatizāciju', tagad ir vistīrākās padomju okupācijas sekas, līdzīgi kā tas, ka tu vēl pēc 23 neatkarības gadiem nespēj komunicēt valsts valodā.",0
"ko nu tagad te kozlovskis tā sašutis, bet pēc norisēm 16.martā pie Brīvības pieminekļa - viss norisinājies bez bez lieliem starpgadījumiem; kad sūdainie krievu okupanti 9.maijā ar tanka torņa imitāciju virs jumta braukā Rīgā ar sarkaniem ko,rež. karogiem - viss noticis bez starpgadījumiem! Atvainojos par izteicienu, bet teikšu latviski - NEDIRSS KOZLOVSKI!",0
"Tā arī grib Pliners un viņa rokaspuiši pārrakstīt vēsturi, kā to dara Krievija. Ja tā nebija okupācija, tad kāpēc vajadzēja nogalināt cilvēkus un vest uz nāves nometnēm Sibīrijā........!!!!!!!!!!!!!!!!!!!!!! !!!",0
"24,3% vēlētāju ir okupanti, kuri aizmirsa aizbraukt prom 1991. gadā",2
"Ja visu okupantu pēcteču personīgās automašīnas, konfiscētu un pārdotu ,nauda atrastos!",0
"Kuri vienmēr Latgalē balso par savu korupcijas centru SC? Tie ka svin pareizticīgos Ziemassvētkus nav latvieši, ne latgaļi bet okupanti.",0
jau vienreiz nodeva savu valsti iestājoties okupantu partijā . Tā kā braukšana uz Sočiem jau ir rutīna .,0
vai tad tas nav Vienotības mēŗķis - iznīcināt Latvijā dzīvojošās tautas?Par ko brēka?Jeb te kāds mēģina teātri spēlēt (pirms vēlēšanām)?,0
Principā viņš pateica pareizi . Jau daudzas republikas šos okupantu barbarus patrieca .,0
"Tev bail no žīdu pilsētas Ušas, ka nevari mani nosaukt vārdā? Tieši tāds arī bija mans mērķis :D Kā man patīk kaitināt tādus truliķus kā Tu! Tu esi īpaši paredzams, draudziņ :)",1
"Katrā ziņā Viņķelis ir viens no tiem, kurš pie &quot;siles&quot; turas ne jau, lai ko darītu, bet gan lai pierītos. Nu gluži tāpat kā Ēlerte, Pulks un citi no šīs liekēžu slakas. Vinķelim jau 1200 Ls pensija ir par maz, vajag vēl un vēl. Šādu parazītu ir pilna Latvija un viņu &quot;rīšanas&quot; vēlme ir nepārspējama! Pretīgi klausīties, ka pašvaldības deputātam primārais ir politika un nevis darbs!",0
"Laikam,jau mūsu mednieki šo bildi ielikuši,tie tikai suni no vilka nevar atšķirt,ka tikai kādu nošaut.",0
"Izlasiet FORBS pag gada novembri, lauku baronu tēmu, kur atgriezties, &quot;TE JAU VISS IR SADALĪTS&quot;.... attopieties, tiešām viss ir sadalīts.Krājbankas ēkā tirgo grāmatas, hipotēku un zemes bankā drēbes, bet OKUPANTU BANKAS PELNA 200miljonus latu gadā !!!- veiksmes stāsts ! mums ir palicis tikai brīvības piemineklis. Pie varas bijušie visu ir pārdevuši, visu līdz pēdējam. Ja latvietis negrib pa 200ls sēdēt maximā pamperos 12 stundas kasē, tad ir jābrauc prom.",0
Lasot komentārus ir tikai viens secinājums par budžeta naudu mācības tikai valsts valoda .Lai krievi savu okupantu ideloģiju atražo par saviem personīgiem līdzekļiem.Pietiek audzināt nākošās krievu fašistu paudzes.,1
Visi pasaules okupanti ir pelnijuši iznicinašanu!,2
Visi informativie kanali Latvija atrodas rietumu okupantu rokas.Delvfi nem visus komentarus nost kas trauce rietumu kolonizatoriem.Seit delfos strada rietumu melu propagandas armija.Tas propagandas komentarus aizstav delfi.Skataties ka pazud komentars.,0
"Preambulai ir jābūt. Preambulai ir jābūt tādai. lai Latvijas ienaidniekiem aizbāztu muti uz visiem laikiem. Par &quot;Vienotību&quot; stāv un stāvēs visa Latvijas tauta! Pret ir okupanti, kuri nepieder pie Latvijas tautas. Uz priekšu Latvija!",0
Man gan liekas ka viņi vairāk kolonisti ka okupanti...,0
okupantu hakerim valsts ir spļaujamais trauks,0
Vai ar to ir domātas okupantu tiesības aicināt Žirinovski iejaukties Latvijads lietās? Muižnieks tāds multikulturālisma bastards vien ir?,0
"Nav patīkami šķirties no savas valūtas, protams. LABĀK ,NO OKUPANTU sadētajiem urlām",1
Ar Krieviju neviens vairs nerēķinās un neko tai nejautā. Arī mums tai uzspļaut pēc visādu Kremļa kuču izteikumiem par Baltijas okupāciju. Krievija - okupantu zeme.,1
"veci es pazīstu, bet to okupantu valodu gan varēja novākt uz uzrakstu uzlikt latviski",0
"Nu re, Šamais vairs nešķiro - visiem kaput, vienalga krievs, žīds vai čigāns, ka tik dzīvo Baltijā!",1
"Tikaj viens jautajums kad cilveki latvija dzivoja labak pirms jeb pec iestasanas eiropas savieniba? Pirms eiropas es dzivoju latvija tagad esmu okupants anglija.darba anglju valodas gandriz nav latviesi,lietuviesi,poli.",0
"Varētu jaut teikt, ka visi krievi ir okupanti un šovinisti, bet Natālija Djakova vismaz šajā gadījumā pierāda, ka tā nav. Tomēr kopumā šis eksperiments ir kārtējais pierādījums, ka pēc iespējas drīzāk ir jālabo kļūdu un jāpāriet uz izglītību tikai valsts valodā.",0
"Kopš sarkano okupantu aizvākšanās neesmu redzējis nevienu kaujas lidmašīnu, dzīvoju Kurzemē. PSRS laikā gan bija ierasta lieta, neviens īpašu vērību nepiegrieza. Vienīgi palicis atmiņā kā 80tajos gados viens krievels nonāca lejā kartupeļu laukā pie Talsiem, tad gan troksnis bija varens:)",0
"NEPLP vispār vajag iznīcināt, zagļu un impotentu kantoris kurš tikai mēģina piebāzt savas kabatas. Tiesājiet viņus un uzvariet!",0
"Nošaut, nošaut un vēlreiz nošaut.Vispār visi zvēri mežā ir jānošauj.",1
"Mums ir tik daudz okupantu dzīvokļu, kuriem nav ne vainas, tos nacionalizēt un izdalīt šādām ģimenēm.",1
Okupanti nav tauta! Latvija rullē bez tādiem!,0
"Pederasti, ir un paliek pederasti....",1
atkal okupanti un kabanovs par mums ņirgājas dzintaram jāsniedz nota krievijas vēstniecībai !!!,0
atkal okupanti un kabanovs par mums ņirgājas dzintaram jāsniedz nota krievijas vēstniecībai !,1
"Kurā brīdī Blumberg ir britu kantoris? Tas, kuru es skatos ir amerikas žīdu",1
"Uz britu monetam izkaltas visu laiku slavenakas padauzas, bet uz US dolariem vecie pederasti. Nav pat divu domu. Punkts.",1
"Protams ,jo blūmbergs ir žīdu magnāts un viņiem nav nekādas jēgas par Mildu...",1
"Nu, man šķuet, ka Streļčonoks ir tas, kurš ir KNAB iznīcinājis visu, ko vien var iznīcināt. Visi profesionāļi pamet, vai tūvākā laikā pametīs KNAB. Tas jau vien par kaut ko liecina.",0
"Latviešiem vajag cilvēkus , kas cinās pret korupciju , man vienalga vai tas latvietis vai kkrievs , vai čigāns . Tas nav normāli ,ka trīs dienas iepriekš Strēlčēnokam jābūt uz gald ziņojumam ,kad KNĀBS brauks uz Daugavpili veikt kratīšanu . Tu man piekritīsi ?",1
"beidzot kāda laba ziņa, tikai žēl, ka divdesmit gadus par vēlu, uzreiz vajadzēja un nav ko bļaut te tiem krieviem, lai vismaz viņu bērni kļūst par cilvēkiem ja gribi dzīvot, mācies, ja ne brauc uz savu plašo roģinu, atradušies mazākumtautība, pasaule smejas par mums, un vēl gribam savu valsti, bet okupantu pēcteči berzē rokas....",0
"Tieši otrādi. Zemes no sīkākiem zemniekiem par velti paņems jaunie lielsaimnieki-latifundisti, bet nopirkt no malas nevarēs vietējie latvieši. Visi likuma grozījumi tiek bīdīti tieši latifundistu interesēs. Palasi tos grozījumus, tā ir visīstākā lauku iznīcināšana!!!",0
"tagad visiem moderni runat okupantu hotdogu melē tacu, tā dara!",0
"Aizturotvajadzēja nošaut,,, šitie utis jau par daudz savairojušies,,,ANTIFAŠISTU izdzimteņi,,",2
"Ušakovs iesējis jaunu strīda sēklu rīdzeniekos un &quot;lauķos&quot;. Nožēlojami lasīt kā te Rīgas kundziņi un kundzītes sevi uzsprauž augstāk par Rīgas gaili. Nožēlojami Rīgas pāķi, nožēlojami &quot;vienota&quot; tauta, tāpēc nav jābrīnās, ka mūs viegli var iznīcināt pa vienam un, ja vēl sitādi pilsētas varenie...",0
"No vienas puses varbūt pat labi būtu, ja babucis tiktu par premjeru. Tad apstātos iecerētā lauku iznīcināšana lielsaimniekiem par labu. Tikai kas būs zemkopības ministra vietā...",0
"A kas tas tāds - Olšteins? Ā, tā bija tā prostitūta, kas uzreiz pēc vēlēšanām aizmuka no RP...",1
"Vēl trakāk . Iznāk ka sponsorējam okupantu un to pēcteču skolas ? Visi jau nav , daļa tak iebrauca saprecoties . Visus nevar mērīt ar vienu mērauklu .",1
"xxl - nu tu dumjiņš man esi, bet varbūt okupants, ka tik labi par ēlerti vari sacīt.",0
"Viens no nepatīkamākajiem purniem valdībā ir Vaņka Urbanovičs/ Padomju laikā būdams komjaunatnes sekretārs, dziedāja slavas dziesmas komunistiem. Tagad tēlo baigo patriotu.bet faktiski verdziski pilda Kremļa rīkojumus iznīcināt latviešus.",0
"Tieši tā! Ušakovs ir ieinteresēts iznīcināt Latviju un atstā tikai vienu pašu Rīgu. Bet agri vai vēlu viņam nauda beigsies tik neefektīvi saimniekojot, un tad viņu patrieks ar sūdainu mietuZilupes virzienā.",0
"Tas ir sīkums uz tā fona, ka 11 gadu laikā okupanti Irākā un Afganistānā ir nosituši vairāka kā 1 miljonu šo okupēto valstu iedzīvotājus!",0
"Neaizmirstiet tikai pārdot krieviem savas un arī mūsu apakšbikses,jo ticat man,viņi tās mācēs izmantot pret mums. Uz priekšu,tie tur likumu taisītāji,uztaisat vēl kādu likumu,lai varētu to latviešu tautu iznīcināt pavisam!",0
"Kādi tev žīdi, pats tu braukā ar žīdu un eiropas auto un te rej!",1
"PUTINA LEMUMS, KOPA AR KINAS LEMUMU - NEDOT IESPEJU ASV IZVAROT ARI SIRIJU IR PILNIGI PAREIZS.",0
"Acimredzot, dievs beidzot sāk dusmoties par pederastu visatļautību Amerikā un citur pasaulē.",1
Adekvātāk būtu ja viņš lūgtu pārtraukt okupāciju un izvest okupantu pabiras kas jaucās ar Latvijas pareizticīgajiem.,0
"Cik atminos tad šai kundzītei ar galvu viss nav kārtībā,jo netminas ko paraksta,kad dokumenti ir uz galda ! Izlīgumus ar žīdu zagļiem,aizmirsāt ?",1
"Kas tad prezidentu gribētu atlaist? Šakāļiem ZZS un okupantu pēctečiem SC viņš ir izdevīgs, nacionāļi arī iet hūtaiņa pavadā ... Ja nu vienīgi Vienotība un RP paliekas, bet to deputātu ir par maz, lai šo kauna traipu nomazgātu.",0
"Nesen lasīju rakstu, kurā Ušakovs nodēvēts par okupantu. Atšķirībā no šī rasta, iepriekšminētais mani nešokēja.",0
"ušakam kā sarkano pēcnācējam tādas strašidlas patīk, štruns ar visu galvenais lai novāktu to okupantu mietu",0
"Jūs visi , kas esat par SC un viņus atbalstat , esat tādi paši latvieši , kā tie , kas 1940 .g. Rīgā krievu okupantu tankus sagaidīja ar puķēm .",0
vina ir okupantu degradacijas upure? ddd,0
"saņemiet, latvieši, par to ka esat toleranti, par to, ka sasildījāt šito čūsku azotē. par to tā jums iekož:) lūdzu, latvieši, šeit jums ir iecietības &quot;paldies&quot;, par to, ka naturalizējāt padomju okupantu otprisku. ..jā, un vēl, paldies ziedotājiem, īpaši latviešu tautības, kas saziedoja, lai &quot;uzvarētājs&quot; arstētu savu pretīgo mūli Vācijas slimnīcā, pēc tam kad šamējais uzskrēja maratonu:D",0
"A ko darīt tiem, kas pēc definīcijas nav okupanti? Kā tu vienus atdalīsi no citiem? A, paga, tu to nedarīsi, jo pat nebiji iedomājies izlasīt kaut vienu definīciju... Bet ko darīt poļiem, kas ģimenē runā krievu valodā? Un ebrejiem? Ukraiņiem? Cigāniem? Baltkrieviem? Latviešiem, kas bija padomju armijā? Bērniem, kas dzimuši jauktās ģimenēs?",0
"Tā meiča tīri neko, apmierinata sniedza interviju. Riktigi uzsēdās uz vērša raga. Domaju, ka vērsi neapsūdzēs izvarošana. Meičai patika.",1
"Jā, tava atbilde liecina ne tikai par tavu neizglītotību, bet par tavu absolūto trulumu. Savas baudas sasniegšanas dēļ tu gatavs iznīcināt visu Latvijas nākotni. Viss pārējais var noslīkt tavos radītajos dubļos, galvenais, ka tu esi pierijies.",0
"Jēzi staigā pa ūdens virsu, bet nēģeri pa ūdenstilpnes dibenu!",2
Ko tik narkotikas neizdara ar vienu patupu nēģeri!,1
Amerikāņu nācija ir vienk. SLIMA! Pat idiotiskais žīdu aktieris Koens 2012.g. vasarā bija ieplānojis vizīti Ziemeļkorejas vēstniecībā. Kauns un negods.,1
"Jaa un taadi veci kas nosita A.Pupinu arii netruukst. Latvija veel tagad gaida tiesas spriedumu,re kur izslaveetie Latvijas pederasti.",1
Tu guli ar arābu vai nēģeri?,1
Tev ar latviešu tautu nav nekāda sakara! Tu esi tipiks okupantu pārstāvis. Lai mūžam tu un tava rodņa ir nolādēti!,1
"Reklamās kas bija katrā kāpņu telpā, katrā liftā, katrā Rīgas stūrī bija Ušaka portrets ar visādiem labuma solijumiem. Tā tika tērēta pilsētas nauda, mūsu nauda, lai tas krievs reklamētu otro valsts valodu, krievu valodu. Okupācijas laikā te sabrauca simtiem tūkštošu krievvalodīgie un tagad brīvā Latvijā tie uzspiež savu okupantu valodu.",1
Tādi ir tie Kremļa atbalstītie okupantu bērni un paši okupanti. Ušakovam jāpazūd no Rīgas mēra krēsla.,2
"kamēr tie latviešu kangari ,kas sēž Rīgas domē,barosies no rubļiem ,to misteru 54 neizdosies nosviest no pjedestāla- iepaticies ,ka babuļas roku bučo...kauns un negods tā saucamajiem latviešiem ,kas klanās okupantu un kolonistu pēctečiem...tie sudraba graši neko labu nenesīs.",1
Ušakovs ar visu krievu -žīdu baru var pārvākties uz Pleskavu .,1
"Kāpēc tai okupantu nācijai vispār ir jāļauj izteikt savas domas un vēl pie varas laist? Man personīgi tas nav saprotams. Krievi šajā zemē ir viesi un tā lai arī uzvedās, visus mūsu valsti interesējošus jautājumus mēs paši atrisināsim kuri nepiekrīt biļeti vienā virzienā uz austrumiem!!!",0
"Par tautību, ja kāds vēlas, vienmēr varēs piesieties... Ja tiks minēta tautība, kāds atradīs kāpēc to neminēt, kad tautību neminēs, būs aizdomas, ka kāds vēlēsies noklusēt, ka arī čigāni var visu kaut ko labu paveikt, būt spēcīgas personības, būt par pozitīvu piemēru citiem...",2
"Mīļie , ja uzskatāt ka Dzintars ir talantīgs , tas nozīme - jums smadzenes viena rieva un tā pati taisna! Meldiņu var noturēt daudzi. Tā dzied jebkurš čigāns , nav nekā īpaša !",2
"Vai tad mums nav arī tāda jauka dziesmiņa &quot;Čigānzēns no tirgus mājās lepnā kulbā brauc...&quot; Domāju, ka ir tikai labi, ja pozitīvā veidā pieminam čigānu sasniegumus, citādi daudzu priekšstatus joprojām noslogo dažādi aizspriedumi.",1
Es arī esmu žīds .,1
"Lūdzu delfi redakciju izņemt šo rakstu, kā klaji antisemītisku, nedrīkst šo blēdīgo un mēreni nelietīgo trusi nosaukt par cēlu un gadīgu, ar nelokamu morāli apveltītu žīdu",1
Bemberasts un pederasts ir diagnoze.,1
žīdi baigie rasisti vienmēr bijuši ...,2
žīdi baigie rasisti vienmēr bijuši ....,2
"A kāpēc paši žīdi ir kā žurku bomāri izpletūšies pa visām valstīm , un vēl nekautrējas citus mācīt dzīvot?",2
to saukt par okupantu karti! lielākais vairākums to saņēmēju taču ir okupanti un viņu pēcteči!,0
"Bīstamāk alpīnistiem būtu iekarot kubiešu prostitūtas, nekā uzkāpt tajā kubas paugurā.",2
"Maskavas okupanti izzog ASV bankas, rada parādus un ASV valsts grimst dziļā recesijā. Pareizi Jančuks saka!",0
NOŽĒLOJAMS ESI TU PATS OKUPANTU DZĒRUMĀ TAISĪTĀ PALIEKA ....,1
"Nemuldi stulbeni. Paši latviešu bālēliņi jau visu ir sagrāvuši un izsūtījuši &quot;trimdā&quot; vairāk nekā 200 000 valsts pilsoņu, SC kaut kā pie varas nav manīts. Un nevar visu laiku kladzināt okupanti, okupanti, jo tagad situācija ir kardināli mainījusies, ja uzskata, ka vienīgi Brisele ir mūs ir okupējusi ...",0
Viņi vairs nezin ko runāt.Tik tālu uztrenēti Kounčingos un čigānu tabora metodēs.,1
"ČIGĀNU TABORS ĀTRI AIZIET PA PIESKARI-vAJADZĪGA TIKAI ĻOTI LIELA ENERĢIJA UN KARSTUMS, REMDENI SPĒLĒT NEDRĪKST.bET VĒL JAU LAIKS-IESILDĪŠANĀS-JEBŠU PRIEKŠ SPĒLE-TIKAI BŪTU LABI ZINĀT PRIEKŠ KAM, JO AIZMUGURE TĀPAT PALIEK.",1
"Labāk nošaujies jau laikus, okupantu līdzskrējēj",1
Cilvēkam ir daudz un dažādi parazīti.,0
teologos mācās arī prostitūtas. nevajadzētu šo faktu ignorēt...,0
"Okupanti tak velas, lai Latvija but krievu rubli!",0
"Kā krieveļiem pakaļas slaucīt- tā čurkas ir labi, bet kā dzemdēt- tā nekā.",1
"Jā, lojāli okupanti būtu simtreiz labāki!",0
"kas viņš par mednieku,visparastākais slepkava.Kapēc viņš iedomājies,ka varēja nošaut šo cilvēkveidīgo būtni,kurš varbūt bija gudrāks un labāks par viņu.",0
"Nošāvis sniega CILVĒKU! Tas nav zvirbulis kurš auto apķēzijis. To tik amītis spēj izdomāt, ka ja ir sastapis kaut ko retu, tad jāšauj nost! Tas slepkava vēl naudu ar to grib pelnīt. Duriks. Pašu viņu nošaut un par centiem izrādīt, kā sniega cilvēka slepkavu...",1
"Tā kā esmu no tā sauktās jauktās vides (it kā latvietis, bet krievu draugi un sieva), tad ļoti labi saprotu, kāpēc tā notiek. Cik esmu saskāries - latvieši vislaik bļauj uz Latvijas krieviem - okupanti, okupanti (arī uz cilvēkiem, kuri šeit ir piedzimuši un uzauguši), bet Krievija viņus atbalsta un izturas kā pret savējiem. Ja paši atstumjiet un neņemiemt savā bariņā, tad kādu mīlestību jūs pretī gaidījāt??? Turklāt nesaprotu, kāpēc jums nepatīk krievi, viņi ir ļoti draudzīgi un izpalīdzīgi.",0
"Ja nevar iznīcināt, nav jāapkaro! Jāceļ bioenerģijas ražotne un jātaisa biomasa un pārējais Valkas novads ar jāpiestāda ar latvāņiem. Būsim bioenerģijas dižvalsts.",0
ASV ir lielas. Žīdi - tie valda pasauli ;),2
"Pēc Bībeles sniegtās informācijas Dievs ir nogalinājis un licis nogalināt vairākus miljonus cilvēku, apmēram, 10 mlj. Sātans nogalināja tikai 10 - Ījaba bērnus un sievu, bet Dievs viņam atļāva to izdarīt, jo bija noslēdzis ar Sātanu derības. Tad kurš te ir tas slepkava un melu tēvs? :)",0
"... un, ja bērni savus vecākus nemīl, neciena un neklausa (pieņemsim, ka tie ir slikti, autoritatīvi un vardarbīgi vecāki), tad vecākiem ir tiesības savus bērnus iznīcināt jeb nogalināt... jo viņi taču tos ir radījuši. Vai ne? :D",0
"Padomju okupantu, kolonizatoru, rusifikatoru mērķis bija iekarot un pakļaut visu cilvēci, bet latvieši cīnījās par savu brīvību vai arī bija spiesti atriebt savus zvērīgi nogalinātos vai izsūtītos radus, draugus, paziņas, tajā skaitā tūkstošiem mazus, nevainīgus bērniņus...",0
mums patīk OKUPANTU statuss..... vismaz ar kaut ko varam lepoties.... mēs esam OKUPANTI !!!!,0
Žīds valda pār'pasauli un pār Latvijas hokeju.,2
"nu, ja, obligāti jau vajadzēja nogalināt, lai varētu izpētīt- slepkavas.",0
"Piekrītu Bordānam, okupantu pieminekļiem nav vietas Latvijā!!!",0
Kad varēs sākt iznīcināt melīgus un izšķērdīgus ierēdņus?,0
jebkura iznīcināšana šā vai citādi atgriežas pie iznīcinātāja .....,0
"Tavuprāt slazds nav iznīcināšana? Tikai nestāsti, ka tu noķertos kurmjus ved uz Krievijas pierobežu un ar asarām acīs palaid brīvībā. Valdība tikai legalizē tavu biznesu.",0
"Nedrīkst dzīvnieku tāpat iznīcināt. Ja cilvēks vismaz novilktu ādu, to apstrādātu (noģērētu, izmiecētu), tad vēl drīkstētu. Vēl labāk, ja vēl gaļu izlietotu, sev vai kaķim vai kādam citam lopam.",0
"Kurmji uzirdina augsni un apēd visādu parazītu, piemēram, maijvaboļu, kāpurus. Protams, ja to maršrutā gadās kāda stādiņa saknes, tie to var piebeigt. Un smukmauriņus tie sarakņā. Bet tas viss ir nieks salīdzinot ar to, ko var izdarīt tās pašas maijvaboles!",0
"Sen būtu laiks arī sākt iznīcināt pilsētās klejojošos kaķus, kas izplata slimības, blusas un smirdoņu. Un vairojas uz nebēdu - jo tiek baroti kā uz nokaušanu. Nav vairs dabiskās atlases, ka izdzīvo stiprākais, veselākais, kas spēj pats sev sagādāt pārtiku (peles, žurkas utt.)",0
Vajadzētu pieņemt lēmumu par Saeimas parazītu likvidācijas atļaušanu,0
"Pa to laiku kroplais imants(kalnins) kretine, laizot kremlim tuupli, tapat ka te dazi tiblu teroristi.",1
"Pa to laiku krooplais imants(kalnins) kretinee, laizot kremlim tuopli, tapat ka te dazi tiblu teroristi",1
"Aizveries svešo nezvēru ķēms, arī tevi gaida līdzīgs čečenu patriotu taisnīgās atriebības sods, ja nevāksi sevi un savu okupantu radu pūzni aiz mūsu zemes robežas",2
"Latvijas krievs slave putinu ,bet pashi uz to musoru zemi neatgriezas ,jūs esat pedejie lohi okupanti...",1
cittautieši tie jau tie paši okupanti vai ne ...!?,1
"Nemaz pat doma nevar būt,ka ja iznāks šāda SC avīzele, tā nekādi NEDRĪSKT būt nesaprotamā kārtā valsts valodā un ARĪ okupantu mēlē,kas ir pretrunā ne taikai ar veselo saprātu,bet arī ar loģiku un TAISNĪGUMU!",0
un ja Rīgā būtu vēl sakopts tās vēsturiskais Uzvaras laukums bez padomju okupantu atstatajiem betona bluķiem.,0
Kapēc jūs cilvekiem komisiju nemaksājat ka savas algas tur jūsu mēslu burkās? Parazīti.,1
"laikam dažiem gribētu,lai skolotāji saņemtu tik brīvpusdienas pie sarkanā krusta..neaizmirsīsim,ka Krīzes laikā skolotājiem algas apgrieza uz 50%..,bet deputāti vispār neko nav jutuši,dzīvo kā parazīti un nenes atbildību par saviem brāķiem ..?!)))",0
Varbūt banknotes izdevīgāk un lētāk bija sadedzināt kādā no LM martenkrāsnīm?,0
"Jā, tā steiga iznīcināt Latvijas pēdējo neatkarības cerību ir labi mērķēts sitiens mūsu dzimtenei... tagad mums palicis pēdējais ierocis saglabāt savu senču gara mantas- tikai pašu Apziņa.",0
Paldies Dievam . Viens okupants būs mazāk .,1
"Nu jaa, parasti jau nu naido latviešus un krievus žīdu interesēs.",2
Iesaku nošaut tos jauniešus un iet svinēt svētkus !,2
"ienaidnieka dzīvā spēka iznīcināšana karadarbībā nav pati par sevi saprotama? Varētu padomāt, ka pretējā puse savus ienaidniekus cienāja ar konfektēm, nevis bumbām, šrapneļiem un lodēm.",1
"Kāpēc Latvijas nodokļu maksātājam jāapmaksā šeit nelikumīgi atstāto pensionēto krievijas militārpersonu bezmaksas braucieni? Laucinieki, tagad jūs maksāsiet 1.2 EUR par to, lai atvaļinātie krievu okupanti Rīgas sabiedriskajā transportā brauktu par brīvu!",0
"Kā tu zini - kuri ir okupanti, un kuri nav?",0
ATTOPIETIES OKUPANTI JŪSU PSRS LIKVIDĒJĀS 1991.GADĀ. VISS JŪS ZAUDĒJĀT UN PIEMINEKLI IR JĀGĀŽ NOST!,0
"Cik var, biedējot, šantažējot ar piektās kolonnas un okupantu, kolonizatoru dumpi, separātismu, turpināt rusifikāciju un nostiprināt okupācijas, kolonizācijas, rusifikācijas postošās sekas?",0
Okupantu pensionārriem sagādājis brīvbiļetes.Jā sasniegums liels.Kur pārējie darbi sešu gadu laikā? Naauuuu....,1
"Pie visa bija vainīgi nevainīgi Krievijas okupanti kuri palika Latvijā kā uzvarētāji. Uzvarētājus kuri pilsoņus izsūtīja uz Sibīriju taču nesoda, vai neatceries?",0
Cik latvijietim okupants ir mīļš ?,0
"okupanti tadi kadi bijs pssr.. bet pecapmaksauto mayky viedokļa, vieni labaki par citiemxD gaidam karu",0
Spalvainā Pakaļa tak jānolaiza - Bērziņam tas ir kā skābeklis astmas slimniekam - laizīt okupantu [cenzēts].,1
"Okupantu? Esviņus nesauktu par okupantiem, bet gan par kolonistiem..Šis vārds vairāk atbilst saturam.... .",0
"ES okupanti, Krievija draugi:)))) cik ir jāpīpē????",0
"PALDIES,Ministr par atbalstu! Sen to Okupantu pieminekli vajadzēja nojaukt!!",0
"Vācam tagad parastus par krievijas spiegu ataišanu no amata, aizsēdējies šis okupants Rīgā!",0
"Apsveicu! Ļoti pareizs solis! Lai žīdi iemācās latviešus cienīt, bet ne apzagt!",2
Kārtējo reizi izčakarēja padomju okupantu projektu!,0
"Cik ilgi pastāvēs žīdu un krievu komunistu vara, kas izdzen trimdā Latvijas pilsoņus šobrīd?",1
Nebūtu 800 000 okupantu Latvijā nevajadzētu preambulu.,0
Tu tāds pats latvietis kā žīds vācietis.,1
"Izlasot jau virsrakstu domas ved nevis pie nabaga dzivnieka mežā, bet tiem izbadējušajiem lopiem saeimā! Un redzu ka tā šeit ir lielakai daļai. :D Nu vienīgais ko mākam ir nošaut ja nepatīk. Valstīs kur dzīvnieku aizsardzība ir augstā līmenī nekas tāds nenoniek. :P",0
"Nevar jau palīdzēt, ja Krievija, Irāna, Ķīna u.c. tāda veida valstis vislaik noliedz Assada spēku vardarbību - nav ANO nosodījuma, nav Assada spēku ierobežošana vai iznīcināšana ar straptautisko atbalstu...",0
ASV ir lielas. Žīdi - tie valda pasauli ;).,2
Kapēc krievi paši negrib savāktun iznīcināt savus ieročus?,0
"Nu jau tagad Volstrītas žīdu pakaļlaižām no NA vajadzēs brēkt, ka arī amerikāņi ir Kremļa gangrēna un urrrlllaaas ;)",1
1991.g. bija klintona un jeļcina vienošanās par okupantu integrēšanu Latvijā. Tā kā neko nemainīs. ..,0
"Cik atri viss mainas, nesen bija okupetie, tagad pasi ir okupanti.",0
Kada starpiba ja viens okupants padzina otru? Un macities vareja ari bez abu okupacijas.,0
Tā jums vajag! Okupanti ir un paliek okupanti!,0
"Protams, ir rūpnīcas ,kuras bija jālikvidē. Tās bija tās, kuras speciāli cēla, lai okupantiem būtu kur strādāt. Ja nebūtu likvidētas, tad imigrantu, kuri grib iznīcināt Latviju kā nacionālu latviešu dibinātu valsti, būtu daudz vairāk. Ir jau arī objekti, kurus vajadzēja saglabāt.",0
"Reku - Nils Ušakovs ir okupants, kurš ir zvērējis uzticību ļeņinam, un to pagaidām slēpj..",1
"Kuru interesē okupantu domas? Ja kādam krievam nepatīk, lai no škrobes nošaujās!!!",2
"Sis okupantu pēctecis jau parādīja savu īsto seju,kad bija runa par valodu,nu vēl viņam vajadzīgs okupantu piemineklis.Vai nevajadzētu vinu palūgt pamazām virzīties uz krievijas robežas pusi?",0
"Ja latvietis būtu patecis , ka nekāda holohausta nav bijis, ka tādi ir bijuši laiki , ka daudzi žīdi kalpoja komunistiem , šāva un deportēja mierīgos iedzīvotājus , tad noteikti atrastos pants un punkts pēc kura to ,,nacistu,, varētu tiesāt.",2
"nu nestāsti, tāda cena Tev nesanāks nekad 5 cilvēkiem 14 dienām Norvēģijā, plus nobraucot 4000km ar auto, ja vien Tavu ''A'' klases kajīti nesauc ''C'', kurā ari visi pieci nakšņojiet, Tavs auto nav ford fiesta ar 1.1 dizeļa motoru, 3 siltā ēdiena maltītes katram cilvēkam diena ir parastā ''sausā zupiņa'' aplieta ar karstu ūdeni un vienīga ekstra, katru dienu ieiet čigānu kempinga dušās pa 20 nok/pers :)",1
"Maskavas okupanti izzog ASV bankas, rada parādus un ASV valsts grimst dziļā recesijā. Pareizi Jančuks sak",0
"PUTINA LEMUMS, KOPA AR KINAS LEMUMU - NEDOT IESPEJU ASV IZVAROT ARI SIRIJU IR PILNIGI PAREIZS..",0
DD. Iztīrīsim Latviju no okupantu u r l ā m .,1
"okupants visur ir okupants, navi okupantiem",0
okupantu salašņas jau atkal sabalsos par viņu.. pāris dienas pasēro un pēctam līdzvainīgo atkal sāk slavēt..,1
Tāds pats kā Kāns - arī pretīgs izvirtulis!,1
"Nevajag lasīt stulbas grāmatas! Katrs lielražotājs ir ieinteresēts, lai cilvēku būtu pēc iespējas vairāk. Visas sazvērestību teorijas (par NLO, žīdu masoniem, lemuriešiem un sazin vēl kādiem brīnumiem, t.sk. arī šī) ir ākstu radītas.",1
"kautkas te neiet kopā ,ja jau cīnījās par brīvību ,tad kā var neķengāt eiro ? Pievienojoties citiem kakla kungiem un piespiedu kārtā iznīcināt latu ,tā vietā lietot vecākā brāļa caurās bikses ?",0
Laba atbilde būtu savākt savu krievu pederastu vilni uz savu smirdošo parašu.,1
"CIK CIETIS TAUTAS ,NO ASV STULBUMA. NAVI OKUPANTIEM . KATRS NOGALINATAIS ASV KARAVIRS, OKUPANTS MAN BUS KA SVETKI.......",2
"Pēc kāda laika visiem pienāk atmaksa, sarkano bandītu okupantu kononovu kā pēdējo mēslu tiesāja un putins gardi ņēma aiz vaidziņa ar niknumā pietvīkušu seju.",0
"angļiem, kā jau puspasaules kolonizatoriem, laikam ir svešs jēdziens okupācija un okupanti, tā saucamie krievvalodīgie šeit vispār dzīvo nelikumīgi (pēc visām starptautiskajām normām), tie ir vai nu okupanti un viņu pēcteči, kas izslepkavoja milzum daudz latviešu, vai vienkārši kolonisti, kas Latvijā nav vēlami.",0
A krieviju savā starpā sadalīja 7 žīdi . :D,2
"Zviedreļu augļotāju, šo okupantu -mēslu sazagtais nudien jākonfisce, ka beneficiarus var minēt slimos, bada, salā nomocītos latviešu bērniņus un vecīsus..",1
Okupanti bija spiesti atbrīvot slaveno politieslodzīto un Krievijas disidentu Hodorkovski!,0
"var nošaut arī &quot; aiz uzmanības&quot;?-jēziņ, ko var gvelzt...",0
"Aiz neuzmanības var nošaut, ja nepārbauda, vai patrontelpa tukša, domā ka ierocis nav pielādēts, bet tajā tomēr ir municija!",0
"pričom tur alus dārzs,nevies tur ar varu aizvilkt tevi nevar un nošaut ķemboļe",0
"Okupanti no prieka vai lec no biksēm zinot, ka esmu polis. Nupat tik daudz komplimentu un mīlestības apliecinājumu kā visā savā dzīvē saņēmis neesmu. Fanojiet, fanojiet sme/rdeļi!",0
"Protams,ka tie bija okupantu atraugas(sc elektoraats)",1
"Tieši tā! Ušakovs ir ieinteresēts iznīcināt Latviju un atstā tikai vienu pašu Rīgu. Bet agri vai vēlu viņam nauda beigsies tik neefektīvi saimniekojot, un tad viņu patrieks ar sūdainu mietuZilupes virzienā..",0
"Nav ko ņemties,atstājiet ZS politiskās prostitūtas opozīcijā un uz priekšu. Lai Bērziņš ar Lembi grauž tālāk nagus. ZS -klauni ,ne strādnieki!",1
SC ir okupantu partija un pārstāv okupantu intreses.,0
"Lats ne eiro nav salīdzināms ar rubli. Rubļa ieviēsana bija bezkaunības kalngals no okupantu puses! Ar to rubli visi dzīvojām necerēti lielā nabadzībā veselus 50 gadus. Vai eiro vai lats. tam nav būtiskas nozīmes. Mēs jau sen dzīvojam pēc eiro kursa. Tik uz priekšu, tik uz eiro. Psgads vēl atlicis un tad jau eiro būs mūsu kabatās!",0
"Kā šie parazīti var zināt, kas ir &quot;slaucēja&quot; un kādai jāizskatās slaucējai? Šie lieto tikai košierēto pienu un nav nekādas saprašanas, no kurienes piens tajās pakās rodas. Vienīgais izskaidrojums, ka īstais autors nāk no vietējiem mērgļiem, kuriem par katru uzgāzto mēslu čupu maksā krievija.",1
"pohuj kā viņš runāja, bet sagaidīt ar ziediem okupantu armiju ir spļāviens sirdī",0
"To tu pateici pareizi, no 1945.gada mums 45 gadus to okupanti mācīja um veca ieraduma pēc vēl to mēģina darī",0
"Iežogot un uz žoga uzlikt uzrakstu vairākas valodas, kā izskatās okupantu piemineklis citām valstīm pa brīdinājumu..",0
"Ja nebija okupācijas, nav arī okupantu. Ja tev nepatīk iebraucēji, iesaku dibināt partiju, kas iestāsies par kvotu ieviešanu iebraucējiem. Tie cilvēki kas ir piedzimuši LV nav iebraucēji.",0
"Zīmīgi, ka šī pilnīgi nenormālā kroplība parādās pilsētās ar nospiedošu mongoloīdu okupantu daudzumu, bet ne prezim, ne premjēreklim, ne likumdevējam nav par to nekā sakāma, laikam visi minētie saņēmuši brangus kukuļus par klusēšanu, tikai nav skaidrs kapēc tādiem mēsliem maksā arī ALGU PAR VALSTS NODEVĪBU, par konstitūcijas ievērošanu runa vispār vairs neiet.",2
"palasi skaidrojumu,kas ir okupants, varbut daudz jauna sev atklasi",0
"Nelasi, ja tev nepatīk okupantu smaka..",0
"ka okupanti un to ideologi pēkšņi ir aizmirsuši tādu vārdu kā NĪ burbulis un tā ietekme uz ekonomiku. īpaši ir jābrīnās par ebrejiem, kuri parasti nelepojas ar īsu atmiņu un naudas lietās ir visai jutīgi.",2
tomēr okupantu sindroms nav pārdzīvots,0
"Nevis krievu kopiena bet gan krievu okupanti ,jeb vienkārši krievu fašisti .Fašisti,fašisti.........",2
bet šitās kremļa prostitūtas sociķi karo pret visu Latviju.,1
"tam klaunam aŗī žīdu globalizatori ir ieteikuši popularizēt Latvija airo. Nu kā lai savādak saprot to jautrību, ar kādu tas klauns tagad par eiro iepirksies. It kā no katres bankomātos nav iespējams izņemt vietējo valūt",2
"Kāpēc jūs, okupanti, vienmēr ASV pinat iekšā?",0
"Tev taisnība. Tik daudz latvieši cieta no tiem okupantiem, vai tagad, tie okupanti ir uzcēluši sev laimi?",0
"Dažiem laikam nepatīk citāti no viņu elka A.Pabrika klasiskajiem izteicieniem:) Tas, ka Bērziņs ir vecs komunists un Ušakovs okupantu pēctecis, vēl nenozīmē ka Pabriks ir balts un pūkains.",0
"Vai ar to jāsaprot, ka sistēma un okupanti uzvarēja.",0
Kopš kuriem laikiem no palmas nokāpis nēģeris ir OFICIĀLI STRĀDĀJIS KĀDĀ NO ES VALSTĪM. Nu to gan gribētos zināt?,2
"Krieviju vajadzētu ar saviem ieročiem deportēt uz Marsu, bet Krievijas vietā vajadzētu ASV demokrātisko valsti..",0
Pareizi! asv ir provokatori un okupanti.,0
"Es arī nesaprotu,kas tas par okupantu pieminekli, tāda taču nav un kas par okupāciju?",0
"Tie Okupācijas godinātāji jau ir tie paši okupanti, viņu pēcteči - krievi; // latviešus, par laimi, tur nemana. Beeeeeeeee",2
nabaga ezītis laikam čigānu ieraudzijis jo runā ka čigāni esot lieli ežu ēdāji,2
Čigānu virtuvē ezītis esot liela delikatese.,2
"vienā vārdā -Sociāldemokrāts, jeb prostitūta ar nekonkretizētu tarifu.",1
nekad žīds nebūs krieva aizstāvis........,1
"Biedrībā nav neviena krieva, tikai žīdi",1
"Vēsture pierāda, ka visas pasaules nelaimes sākušās no žīdiem, arī revolūcija 1917.gadā. Un joprojām, kur ir varas un naudas kāre, arī terorisma ideoloģija, tur visi pamatā ir riktētāji -žīdi.",2
Atkal es redzu šo žīdu un vēl nav pazudis !?,1
"Viņu izraidīt ārā no Latvijas. Kūdītājs kā vārdā. Nebūtu žīds, būtu sen jau sēdējis aiz restēm, izraidīts. Viņš pazemo ari savus žīdus. Ārā no šīs valsts. Bet Izraela negrib ar viņu darīšanu! Šalom.",2
viņš nav okupants bet pilsonību nopirka par 150 Ls,0
"Kā gan varētu būt savādāk ?Mikrorajonus cēla priekš kolonistiem,un tur arī šie kolonisti mitinās.Kā jau teicu Kolonisti ies un balsos ,bet īstie Latvijas iedzīvotāji to nedarīja .Tāpēc vēlēšanās pie Rīgas vadības nonāca žīdi ar kangariem amerikiem ,un urbanovičiem priekšgalā.",1
Un kāpēc tu nerādi mums savus žīdu saimniekus?,1
"Sūds tu esi nevis karavīrs! Un tad, kad ar tevi kaut kas notiks, tad tavi radiņi pieprasīs kompensāciju no valsts? Okupants un vieglas naudas tīkotājs tu esi. Armija, pat savas bāzes vietu Kadagu no krieviem neesat atbrīvojuši, mutes brūķētāji.",0
"Krievu policisti meklē visus ar cirvjiem , lai varētu nošaut",1
"Kāpēc jūs, okupanti, vienmēr ASV pinat iekšā.",0
"Kur okupanti slēpjas? Nezinu nevienu, nosauki kaut vienu okupantu uzvardu.",0
"mes visi esam vienadi,krievu laika neviens prieks tevis nebija okupants un edi krievu maizi,tad tev bija labi",0
"Komentētāji -ejiet dirst un aizrijaties ar saviem sūdiem-krievu samazgas un latvju urlas,un latvju samazgas un krievu urlas. Nolādētie pederasti.................",1
Toties okupanti aizbrauc! Vai tas ir slikti,0
"kāpēc nē :)) es arī piekritu, ka - viņi ir okupanti?",0
"Kā okupantu grēki var nākt pār mums, ja pat Dievs uz slepkavām dusmīgs.",0
"Tā kā Mārtiņš Luters bija antisemīts, tad gluži loģiski luterāņi nelaiž sev tuvumā ebrejus, dzīvus vai mirušus. Un kā tad būtu ar Jēzu pašu, kas taču arī bija simtprocentīgs žīds?",1
Kā Ziemassvētkus OKUPANTU bāzēs svin karavīri,0
"Ne jau velti krievu balagāna priekšgalā, kā allaž, soļo vecs žīdu [cenzēts.",1
"Gan jau ir tā, ka tu nodokļus nemaksā un pārtiec no parazītu pabalstiem, treniņtērpa biksēs un lakkurpēs tērptais internacionālistu - kosmopolītu urka.",1
Ko tu izdomā? Kā var okupants piedzimt te agrāk par tevi? Var būt tev jāvācās prom? Padomā par to! Īrija joprojām tevi gaida..,0
"Es to pašu saku, pirms nāk uz šejieni lai aplūko youtube video un simtiem degošos krievu tankus sīrijā, notriektās lidmašīnas apdegušās, tad lai padomā vēlreiz, jo okupants ir labs mērķis.",1
"Latvijas nelojālie okupanti lasieties prom, ko jūs te mitinaties? Es zviedrs paskat kā valodu iemācījos un esmu latviešu pusē, bet krievs paliek krievs tikai savam suņa saimnieka uzticīgs. Patīk zābākus laizīt, tā pat kā Staļinam?",0
Uzmanību! Komentē okupanti! Es atkārtoju - komentē okupanti!,0
"Nesen lasīju rakstu, kurā Ušakovs nodēvēts par okupantu. Atšķirībā no šī rasta, iepriekšminētais mani nešokēja!",0
"Lats ne eiro nav salīdzināms ar rubli. Rubļa ieviēsana bija bezkaunības kalngals no okupantu puses! Ar to rubli visi dzīvojām necerēti lielā nabadzībā veselus 50 gadus. Vai eiro vai lats. tam nav būtiskas nozīmes. Mēs jau sen dzīvojam pēc eiro kursa. Tik uz priekšu, tik uz eiro. Psgads vēl atlicis un tad jau eiro būs mūsu kabatās",0
"Pilnīgi pareizi - Ušokvu mēs necienām un negribam, jo viņš ir draugos ar Maskavu un dejo pēc kremļa politikas. Vīņs veic genocīdu pret latviešu tautu, nodokļu maksātāju naudu, izmetot okupantu pensionāru atbalstīšanai. jo to Rīgā ir ļoti, ļoti daudz. Tādam nav vietas Latvijā!",1
Okupantu migrantus aaraa no reigas!!!!!!!!!!,2
"taisnība un paldies dievam, jo Latvija nekad nenolaidīsies ne līdz kremļu suņu, ne līdz barbaru un okupantu līmenim ;)",1
"Maskavas okupanti izzog ASV bankas, rada parādus un ASV valsts grimst dziļā recesijā. Pareizi Jančuks saka",0
Tagad tu aizstāvi teroristus un musulmaņu radikāļus? Okupanti nav Latvijas līdziclvēki,1
Lai nolādetais okupants sapūst ASV. Izdot.,1
Un kāpēc tu nerādi mums savus žīdu saimniekus..,2
"Nav patīkami šķirties no savas valūtas, protams. LABĀK ,NO OKUPANTU sadētajiem urlām.",1
"neīdi. Īd kremļa īdētāji un latvijas ēbreji, latviski saukti - žīdi?",1
"Baigais..! :D Antonovs, Kargins un Lavents taču ir žīdi nevis krievi! Nu, tu gan esi slēptais antisemīts..! :D",1
"Krieviem ir šizofrēnija smagā formā, tad viņi atbrīvo, tad okupē, tad grib iznīcināt.",0
"Krievijā tādas lietas ir ikdiena un ticēt ko viņa stāsta ar nevajag uzreiz, pagaidīsim ko saka rietumu un ASV uzticamā preses puse.''Savu žīdu uzticamo propogandu vari ierullēt sev vienā vietā.Latvijas uzticamie izzadzēji;DDD!",1
"Kur muks okupanti, pēc Nirnbergas 2, lūk, tāds ir jautājums.",0
"Es gan vairāk domāju, ka esi lojāls krievžīdiem, kurus ienīst pat paši žīdi. Tu noteikti esi PAREX bankas kalpotājs, kuru SC tā aizstāvēja.",2
"Bijušie Baltijas okupanti grib pakļaut Ukrainu, turot to gāzes atkarībā. Nolādētā krievija, Ļaunuma impērija.",1
Drīzāk sabruks tie okupanti ES un NATO,0
"Krievija fašists Lavrovs ierosinās nemierniekiem nolikt ieročus , lai Sadams var bez traucējumiem nogalināt savus tautiešus?",0
"Cukurdupsīt, esi no tiem kas laiza okupantu un viņu palieku dupšus",0
"ne krievija cēla to pieminekli, ne arī krievijai būs norādīt ko mums darīt ar to okupācijas simbolu, pie kura pielūgt dodas okupanti &amp; piektās kolonnas pabiras",0
Lai latvieshi iazvaacas no okupantu biuuveetajam majam un dzivo briivalsts laika celtajas?,0
mums nevajag okupantu betona bluķi.,0
"Tu zini,kas bija Boļeslavs Maikovskis (Mesters)? Viņš bija Rēzeknes apriņķa policijas šefs,un pēc viņa komandas notika žīdu šaušana un Audriņu dedzināšana.",1
Ko tad māksliniece darīja no tā saucamā vācu okupācijas laika 1942. gada līdz tā saucamajam krievu okupācijas laikam 1962. gadā? Abi taču bija okupanti - kā krievs 2X un vācietis 1x.,0
"ko tu nesaproti! bija tikai viena okupācija- krievu; genocīds, slepkavošana, spīdzināšana, bada mērdēšana, izvarošana, pakāršana... vācu laikā tas nebija. aizej uz krievu okupācija muzeju, tur tev visu izstāstīs",0
"krievs ir krievs,žīds ir žīds un Čigāns paliek Čigāns",2
"Kāpēc jūs aktīvi nebļāvāt, kad 100000 čečenu sievietes un bērnus krievu okupanti sadedzināja ar termobārajām bumbām?",0
kādreiz vēsture novērtēs poļu šovinistus tādi paši okupanti kā krievi vsās valstīs ar ko robežojas ko viņi dara prūšu un jātvingu zemēs...,0
"Klausies, okupant! Vienīgie nacisti ir krievu okupanti, kuriem drīz palūgs aiztīties no Latvijas! Jūs esat visas pasaules nelaime!",0
"Par tiem 8 miljonime ko ārlietu ministrs minēja, cik atceros protestētajiem bija sauklis (kura izcelsmi piedēveja Baltijai) čemodāns - stacija - Maskava. Sajūta ka ārlietu ministram pa maz protestu, ja šis noliedz acīmredazamo spīdzināšanu, uzsvers okupantu jūtas un saucot protestētajus par ekstrēmistiem.",0
"Cik daudz vēl te Latvijā ir okupantu un viņu pēcnācēju ar visu viņu šovinistisko ,neloģisko domāšanu ! Jā ...un prom nevācas .",0
"ES PRET KRIEVIJU, NAFIG MAN VINU OKUPANTU BANDAS LV un UKRAINĀ...",0
lielkrievu šovinistiem pēc miljoniem mērķtiecīgi badā nomērdētiem ukraiņiem ne mazākās kauna un nožēlas sajūtas... parazīti ne nācija,0
"ļoti jautri - tas parāda, ka krievi ir galīgi atpalikuši- Krievijas himnai mūziku raksta latvietis, vārdus - žīds..",2
"Es varbūt gribu, lai šķiro! Jo krievi nav cilvēki, bet okupanti",2
"Kā nekdotē! Tiesājas Žīds ar Krievu, bet prokuroram iedod 10 gadus. Tā te prokurora vietā būs tikai tauta, kura rezultātā cietīs! )))",1
"Pret krievu - okupantu un viņa pēctečiem, cieņas nav un nebūs ne mūžam! Krievijā ir gana cilvēku, kuri ir pelnījuši cieņu!",0
"Katru reizi kad šitais zābaks izsakās par Latviju, ir jāizraida 100 okupanti.",0
Žīdi taisa biznesu uz debīlu krievu okupantu atlieku rēķina . krievi no laika gala iet žīdu pavadā,2
Tie mēsli okupanti pat pulksteņus un velosipēdus bērniem ņēma nost!Bet Grūzijā pat naktspodus pievāca.,1
"Pri com, te krievi? Runa iet par Sīriju un to valsti grib vsrdarbīgi iznīcināt ar Hitera &quot; anschluss&quot; karu uzlabotām vardarbīgām metodēm!,",0
Kas gan cits tas varētu būt? Īpašā krava: Okupanti!,0
"Krievi Ukrainā golodomoru nerīkoja. Ukraina bija viena no PSRS oficiālajām dibinātājām, bet PSRS bija ASV žīdu projekts, lai sagrautu Krievijas impēriju un tā mazinātu tās globālo ietekmi. Bet vairāk cieta tieši Ukraina?",2
"Latvija diemžēl nav nekāda republika, kas prot cienīt pati sevi un censtos vadīt savu ekonomiku pareizā veidā, jo tā vēl joprojām pacieš veco okupantu paliiekas savā zemē",0
"nu jau miljonu reizi pārliecinos, ka ir jābūt totāli aptaurēt lai precētos. liela daļa tā m... dzimuma tak izņemot savu pliko dibenu un naudas kāšanu neko citu preti nevar sniegt. Tad jau labāk slampas no čakenes, atķirības nekādas, vienīgi lētāk un kvalitātīvāk.",2
Atkal viriesi vainigi! Muusu viiriesi vismaz ciinaas par beerniem. Rietumeiropaa jau sen rokas nolaidusi un vientulaas maates izaudzinu pedinus un mazgadiigaas slampas.,2
"Sīcis nekad nav bijis armijā un nezin to, ka nevienam pat neienāca tada doma kā kadu dupsi iegūt jo pederasti nebija cieņā visdrīzāk ka tāds zilais visu službu pavadītu toleti pulējot.",2
"lietuvā tāpēc, ka pieaicina poļi, kuri grib ar to nošaut divus zaķus- atgriezt poļiem nolaupīto Viļņas apgabalu un Rietumukrainu kopā ar Ļvovu, ko bija nolaupījuši ar Robotova-Millemtropa paktu. un tā agri vai vēlu būs!",0
"Protams, sc kremļa stabulei taču vajag panākt, lai latvieši uz vēlēšanām neiet, tad tiks ievēlēta sc un sāksies izstāšanās no ES un NATO, pievienošanās krievijai un tālāk - atkal sibīrija, tās nāves nometnes, latviešu iznīcināšana utt. To jūs gribiet? Tāds jūsu mērķis? Normāli domājošs cilvēks par to nešaubās.",0
"Daini , vai tiešām tu šajos aukstumos saslimi tik smagā forma ar gripu , ka vēl neesi atjēdzies no murgiem , tu taču neesi pie pilna prāta -- izej uz ielas , paskaties kas notiek , puse tautas ir aizbēgusi no šīm represijām pret latviešu tautu , par ko tu runā , tu gan NATURĀLI esi pērkams , par naudu esi gatavs iznīcināt visu labo -- CŪKA",1
"Nevis aizbraukušies, bet zelta meklētāji, parazīti, kuri nav labāki par padomju salašņām. Nodevēji! Tagad šo lopu dēļ cieš dzīvnieki.",0
"Vai Dombrovskis krīzi izraisīja? Kur mankurtiem atmiņas par šleseru, šķēli, kalvīti un krievu politmafiju, kas sadarbojās ar visiem šiem neliešie.m. Par Dombrovski kladzina krievvalodīgie okupanti. Parex jau bija SC drauēļu banka, kurā naudiņu glabāji nerezidenti no krievijas.",0
"Labāk zaglis latvietis, nekā zaglis krievu okupantu pēctecis, kas izauga starp latviešiem un mēgina iznīdēt latviešu valodu, tātad arī tautu un valsti!!!!!!!!!!!!!!!!!!!!!!!! !!!!!!!!!!!!!!!!!!!!!!!!!!!!!! !!!!!!!!!!!!!!!!!!!!!!!!!!1",1
"Jēzus (tautas) augšāmcelšanās.Visi te biedē.Arī Repše: &quot;Revalvējot latu,var sākties nopietnas problēmas&quot;.Jā.Partijām un partijniekiem.Tiem,kas valsts pārvaldi iekārtojuši tā,ka 2% parazītu,nederīgu parazītu pārvalda 98% tautas.Jābūt otrādi: 98% tautas jāpārvalda valsti un jākontrolē tie 2% parazītu,lai tie būtu derīgi.Nekas īpašs.Viss,kā CILVĒKA ORGANISMĀ.Un,pēc tam tiem &quot;krieviem&quot; varēs uzlikt &quot;Svēto Nikolaju",0
"Te nav nekāda padumjā savienība un neesam krievu, bijušo okupantu, guberņa. Nekādas bijušo okupantu izdomātās svētdienas skolas Latvijā nedrīkst būt un nebūs. Kremlis izdomā visādas maigās okupācijas.",0
"Okupanti ir friči, bet lielākā daļa progresīvās latvijas tautību daļas ir ebreji",0
dari taču kaut ko.... cik ilgi atļausimies būt apbižotie?.... cik ilgi krievu.... un tikai krievu...to es uzsveru jo citas tautības tā Latvijā nerīkojas..... okupanti ņirgāsies par Latvijas valsti?,2
Okupanti ...šeit ir Latvija nevis Krievijas guberņa,0
"Šļupstošais Rīgas galvenais spiegs ir pārbijies- atmaskas stunda nav tālu! Katrs publisks pasākums ir iespējamais politiskās cīņas kaujas lauks. Drebi un trīci, okupantu atvase",0
"Krievija visu šo laiku to noliedz, okupācija nebija, bet okupanti palika. Viņi nekad neko nav maksājuši, tāda ir tā naida valsts. Nemāk viņa atdot parādus citām valstīm!?",0
"Tātad arī okupantu izpisenis,tā vai????",1
"To ,ka viņš ir vaukšķis nav šaubu , bet daļēja taisnība viņam ir . Gribētu redzēt ja Dombrovskis būtu premjers Krievijā, ja Latviju viņš spēja iznīcināt , iedzīt nabadzībā , bezdarbā utt. pa nieka četriem gadiem",0
"Abrenē ir krievu skolas, kur problēma? Okupantu partija atdeva to Krievijai , lai brauc uz turieni un mācās, lai Lindermaņi, Osipovi un Ušakovi tur kandidē par mēriem.",0
"Mums nevajag lāpstas un ierakumus.Mums pietiks ar NATO ložmetējiem, kad varēsim apšaut jūs uŗlu okupantu sagaidītāju pūļus.Bet pārējo paveiks NATO",1
"ES okupanti, Krievija draugi:)))) cik ir jāpīp",0
"Kāpēc nav ziņots, kurš nesīs Zviedrijas, Norvēģijas, Somijas, Lietuvas, Igaunijas, bet gan krievu okupantu valsts karogu?",0
Amerikāņu pedofīli parūpējušies par labo reitingu!,1
"Vajag izdomāt vārdam 'resns' jauku aizvietotāju, jo, piemēram, prastajam vārdam 'pederasts' ir jauks aizvietotājvārdiņš, kas ir jauki iegājies un tas ir mīļais un jaukāis vārdiņš - gejs.",1
"Kāda jēga uzbrukt, ja visi Krievijas okupanti pameta teritoriju! Asads sēž Krievijas bunkurī un trīc kā apšu lapa! Ja ASV dos, tad dos negaidītu triecienu",0
"Saku, ka tev jāmācās lasīt un izlasīto saprast! Ļoti atgādinu okupantu pēcteci ar savu saprašanas līmeni!",0
"p.s sāks bļausties par pedofīlu, un pārējo izvirtuļi tiesībam, kā viņiem ari patīk..",0
"Vilkači Abreni apēda, tagad ir izsalkuši grib Latviju! Tie kas atdeva to vajadzētu pakārt",0
"Atrāk vai vēlāk šis okupācijas rēgs tiks nojaukts ,un okupanti aizbrauks uz savu sapņu zemi -krieviju",0
"Pie mums ar, okupanti kaut ko plāno",0
"ja fašistiskā Krievija karā zaudēja ap 20 miljonu cilvēku ,tad bende Staļins spēja nomocīt un zvērīgi nogalināt ap 60 miljoniem cilvēku",0
žīdu tanki viņu zemē bija un būs. Savējo interešu aizsargāšanai.,1
"toties viņu atvases ir pietiekami vainīgas - balstiesīgas kopojoties ar neagresīviem pilsoņiem! Ieaudzinot okupantu sturgalvīgumu - noniecinot šīz zemes paržas, kultūras, ētiskās vērtības... izrādot necieņu sakot, ka negribu un nerunāšu šīs valsts valod",0
"Kurā klasītē tu ej ? Pirmajā vai otrajā ? Skunstiņ Bombočkas nešķiro vai tas latviets, krievs vai čigāns , a varbūt tu būsi čipēts ? Radiācijai arī čipēts nelīdz.. Saldu dusu",1
"Nebalsoju un nebalsošu par ušakiem. Latviešu acīs viņš nav cēlies. Cēlies tikai okupantu acīs, nav jau brīnums, šis parakstījās pa okupantu valodu, kā otro valsts valodu.",0
Bijušie okupanti vienmēr lido gar mūsu robežām.,0
"Tu kļūdies ! urlakovu ciena un ceļ debesīs tūkstošiem okupantu atraugas , debīlas krievu pabiras ( BIDLO ) , kas nemāk savu dzimto valodu un nav vajadzīgi ne ruslandē , ne lv",2
"ušķa laiks un viņa ,,labie darbi,, zūd!!!!. Okupantu acīs viņš vēl ir vērtē,bet gan jau....",0
"Latvija jau pilna ar cittautiešiem,vai krievija nāk iznīcināt savējos, Latvieši jau izbraukuši",0
D tev tie okupantu huligāni naktī iebelzīs pa tavu stulbo galvu un tu neko vairs nejutīsi pajoli,1
"Ar vai bez kara ,taču šoreiz krievijas nolūks ir pilnībā iznīcināt latviešus!Tas jau pamazām notiek!Tie latviesi kas vēl te raksta par labu krievijai ļoti alojās,jo nebūs vajadzīgi arī viņi ,nodevējus nevajag arī krievijai!Pat daļa šejienes krievu tiks pilnībā iznīcināti,lai atbrīvotu teritoriju jauniem iemīt niekiem,Tāds ir krievijas nolūks",0
dmitlijs mulgo kaa slims suns. okupants nolaadeetais?,1
Bet kā rakstīt ja žīds ir palicis par latvieti un netic nekam un nevienam ? Tas laikam būs pār_latviskojies ?! Līdzīgs tev,1
"Vienīgie, kurus vajadzētu pakārt, ir Rīgas izzadzēji Ameriks un Ušakovs. Pakārt Uzvaras laukum",0
"PSRS laikos medicīna bija par BRĪVU - riebjas,ka savējie iznīcina savējos - pat okupanti tā nedarija.",0
"Interesanti, kādā valodā runās Olimpiādē? Eiropas Savienībā jārunā angliski, bet ar to tā pašvaki. Būs jārunā okupantu krievu valod",0
"Ja krievija vēlas, lai krievu jaunatne būtu vienvalodīga- tas ir, mācītos tikai krievu valodā, tas nozīmē, ka tā grib krievu jaunatni 'deportēt' uz krieviju, jo uz turieni labprāt pat veči nebrauc.Bet krievi tur balansē uz 50% robežas. Tikai kremlim vajadzētu tos arī pie sevis apmācīt. Latvijā, protot tikai vienu valodu,kurai ir pat alfabēts īpašs, nevar darbu nodrošināt pat krāvējam. Jau tagad krievu bezdarbnieku uzturēšana gadu gadiem, pārējām Latvijas tautām nepatīk. Cik ilgi var?",0
NE KRIEVU OKUPANTIEM LATVIJA!!!!! OKUPANTI GO HOME!!!!!! KRIEVI BRAUCIET MAJAS UZ ROGINU!!!!!,0
viņš nav okupants bet pilsonību nopirka par 150 Ls?,0
"Ja apprec hasanus, ar to jārēķinās. Neticīgā nogalināšana musulmaņiem nav noziegums.",2
"Skaidrāks par skaidru: SC tādi paši zagļi kā LC, TP , LPP ZZS un Ušakovs ,kurš audzināts okupantu ģimenē, attiecīgi runā.",0
ar steigu jaajauc nost okupantu falls paardaugavaa un jaasuuta 5 kolonnu lopu vagonos atpakalj uz urogjinu?,1
"arī ušakovs nav mūžīgs! ja nevar nojaukt okupantu pieminekli,var laukuma pretējā pusē uzcelt pieminekli latviešiem kuri tika nomocīti čekas pagrabos vai gājuši bojā sibirijas gulag",1
"Tas ir parazītu oliņas, pārsvarā utu",0
"Ušakova kungs. definējiet, kas ir tā sauktā Latvijas minoritātes skola. Vai ar krievu okupantu un kolonistu mācību valodu vēl eksistejošās skolas ir minoritāšu skolas. Ar kādām tiesībām jūs tā cenšaties Latviju iekļaut Putinijā?",0
"Kremļa punduris arī pa pusei esot žīds, bet lavrovs tirs žīds",1
uz tādu titulu var pieteikties tikai krievenes no psrs laiku okupantu ģimenēm.,0
"Ušakovu mīl tikai okupanti. Tāpat drīzumā, ar ušaku priekšgalā ,tiks padzīti ni mūsu zemes",0
"Tavai zināšanai prasts ēdiens neatmiekšķē smadzenes, tev izskatās no ikriem un lašiem pavisam aptaukojušās un atmiešķējušās...VDKašņiki turpina izvarot valsti un tautu",0
"Kādēļ plakātā redzams Brīvības piemnineklis, ja Ušakovs katru gadu 9. maijā rīko dzerstiņu okupantu veterāniem un to atvasēm pie t.s. &quot;Uzvaras pieminekļa&quot; (t.i. pie Kauna staba Karātavu laukum",0
mums patīk OKUPANTU statuss..... vismaz ar kaut ko varam lepoties.... mēs esam OKUPANTI,0
"Mušas tur tiešām nav, bet ir pilnīgi skaidri noprotams kurš šo vandāļu pasākumu organizē un kurš ir ieinteresēts iznīcināt Ukrainu kā neatkarīgu valsti!",0
"Ko mēs maza zemīte, pret lielo brūno ļauno lāci iesāktu? Salīdziniet okupantu teritoriju un mūsu. Mums uzreiz tanki iebrauktu kā Gruzij?",0
Tagad Deniss atcerējies savas tiesības.. bet viņam bija tiesības citiem sačakarēt datorus un iznīcināt info tajos,0
"Daudz no Bezabreniesu valstsviriem gan pienemtu HIKIVAKI ar mantru uz lupam: okupacija ir, bet okupantu nav , vai okupanti nav, bet okupacija turpinas .... kaut patiesiba - ka okupacija bija, okupantu ir, bet Abrenes teritoriju nav",0
"To jau kurš katrs varēja paredzēt, ka Ukrainas prokrieviskā marionete pakārtosies Kremļa okupantu, kolonizatoru, rusifikatoru presingam. Nu, bet tas jau arī bija paredzams, ka ukrainiskā Ukraina ar to nesamierināsies un valstī sāksies revolūcija - nacionālā atbrīvošanās cīņa ;)",0
Ko tu tur izpirdi? Sķic okupants no Latvijas,0
"Man tīk,komentetāji,krievi okupanti,maitas u.t.t.-a laizit pecpusi Amerikai tas jā,par lielo lielaku okupantu un kropļu ,neatkarības neieverotāju un jauksanos suverenas teritorijās par ASV nav-jeņki ir pedini -Bet musejie ir vinu dibenu bucotāji",1
"Ak, kādas pasakas tu te stāsti, turpini. Ka ar Čečēnijas neatkarību? Vai Piedņestrā paši moldāvi lūdza lai ieved Krievijas karaspēku vai varbūt tomēr krievu kolonisti, okupantu pēcteči",0
pavisam švaki klāsies 5kolonas darbarūķiem.krievi čekistus krievzemē sāks iznīcināt un pieprasīs izdot savējos arī no citām valstīm.priekš rūdas rakšanas ziemeļos.varbūt līdz ziemeļiem neaizvedīs.apsargi nositīs un izmetīs no vilcieniem meža zvēriem par barību,0
"es redzu, ka tu esi viens no tiem, kas pats neko darīt negrib, bet cer uz pabirām no Kremļa galda. bagātie krievi ir smieklīgi, jeb tu vari izvikt nēģeri no getto, bet nekad getto no nēģera. tu šleserveidīgais es tipisks prostitūtiskais, bet tādus kā jūs izdrāž un izmet, kā prezervatīvus",2
Latvieši tak arī ir okupanti .NEAIZMIRSTI TO,0
"st izvirtulis tas Putins, gluži kā dzīvnieks...... pamet sievu un taisa bērnus jaunām skuķēm...jā miljardierim morāle sveša!",0
"ko viņš okupēja !? paskaidro tuvāk , ko nozīmē ,, civilai s okupants ušakovs,, kur ir viņ avaina ? tur ka viņš šeit ir piedzimis ? īri , angļi sauks tavus brālā bērnus par ,,civiliem okupantiem ,, - būsi apmierināts !? pajolais perdeli",1
"Streļčenekam striķi ap kaklu un pakārt kokā,ja reiz smadzenes vairs nau?",1
"Okupanti atbraukuši, nu visiem baigie prieki",0
"tie pasaules okupanti, kas savu gļēvulību kompensē ar suņiem un bezpilotu lidmašīnām! Tāpat nolādēti viņu bezsmadzeņu atbalstītāji (neatkarīgi no tautības, rases un reliģiskās piederības)!",1
"No krievijas ļaunuma nebūs. Taj tagad jasarga savas robežas, jo ists okupants ir apdzivojis kaimiņvalstu teritorijas",0
čurka ir un paliek čurka,2
Okupanti un okupantu pēcteči sāk jaunu Latvijas valsts okupāciju!,0
"arī ušakovs nav mūžīgs! ja nevar nojaukt okupantu pieminekli,var laukuma pretējā pusē uzcelt pieminekli latviešiem kuri tika nomocīti čekas pagrabos vai gājuši bojā sibirijas gulag.",0
"Kapēc tu okupants bļauj no Latvijas, kapēc neesi savā īstajā dzimtenē un neaizstāvi tajā lielajā Krievijā savu Putina onkuli",0
BEZ DEOKUPĀCIJAS OKUPANTI NENORIMS-TĀ NAV TĀ TAUTA.UN MŪSU KOMUNISTU-ČEKISTU PIEBALSOTĀJI.....-ATBALSTĪTĀJI ;),1
"Vai okupantu un kolonistu atrašanās neatkarīgās Latvijas teritorijā var būt Latvijas bagātība? Normālās valstīs tā nenotiek. Rihardam Kozlovskim, Jānim Reinikam, Jānim Maizītim jārīkojas, lai Latvija beidzot tiešām kļūtu par brīvu valsti. Pietiek paciest šeit visiem labi zināmos sarkanos ākstus, kuriem viss šeit ir nepieņemams, jo nav pēc PSRS (Krievijas) standartiem un morāles. Viņiem austrumu virzienā vīzas nav nepieciešamas. Aizbrauciet, vecdzimtene jūs gaida",2
"Tieši dēļ tādiem ekstrēmistiem kā Jūs, cilvēki arī aizbrauc. Tā vietā, lai problēmu izpētītu un pedantiski, piesaistot finansējumu, risinātu, tādi ļaudis kā Jūs meklē vainīgos visur citur, bet paši ir svētāki par pāvestu. Jūs gribat problēmu risināt uz citu rēķina, kā to dara sociālie parazīti. Pat ja no Latvijas aizbrauks visi krievi, par ko Jūs katru vakaru lūdzaties pie R. Dzintara bildes (krievi Jums pie visa vainīgi, pat ja esat dīkdienis un sliņķis), Jūs būsiet pārsteigts - problēma vēl vairāk saasināsies (cilvēki vēl vairāk brauks). Vietā brauks ķīnieši (pie Jelgavas Ozolniekos dzīvo vairākas ģimenes). Viņi latviešu valodu nemācīsies - pieprasīs apmācību angļu valodā. Kā Jūs (Dzintarveidīgie) šo problēmu risināsiet? Lieksieties Ķīnas priekšā? Ķīna savus pilsoņus aizstāvēs pret latviešu nosacītiem nacionālistiem. Kādā valodā veikalā vajadzēs runāt? Angļu",0
"normālais krievs kurš izprot visu vēturi tas karodziņus nededzinās, un karogā ne''sņauks degunu , bet tie sarkanie [cenzēts] okupanti un viņu mantinieki kas rēc 9 maijā, un un maisa mūsu pasākumos, tie būtu jāraida no valsts ārā gan viņu nekaunību ciest. ušakov diskopļasku sarīko centrā cik cilvēkiem neertības sastādīja",1
"Tas ir ārprāts ,jau tā nav nekādi līdzekļi iztērēti ,ietaupījumi ir bezgalīgi šogad ,jau no rīta bija jākaisa ceļi ,tie pidari i valdības krpliskie sučaras ,kaut viņu gimenes un visas gājušas bojā tad i saprastu ,sprādzeņikas jādara ,novēlu visu valdību un kas par ceļiem atbildīgi atlaist vai pakārt ,ka suņus ,sukas,kuces",2
"Tu esi labs. Bet mīnusus tev liek krievu okupantu atsaldētie pēcteči, tāpēc nesatraucies.",2
"Un čigāni, ķīnieši, baltkrievi, igauņi....nav cilvēki",2
Žīdi ēd nost latviešus un upuris nekad nesapratīs plēsēju.,2
cukura rūpniecību iznīcināja paši ražotāji un audzētāji un saņem supsīdijas vēl tagat.Bet Straujuma turpina iznīcināt laukus baronu dēļ,0
"psrs okupantu,gan pirms gan pec 1949.g.,PRETTIESISKI LV teritorijaa savestaas fashistiskaas psrs civilokupantu ordas simbolize nirgashanos par veselo sapratu,bet 9. maijs ir kaa kaajas speriens pa padomju okupantu izmocitaas Mates Latvijas miesu",0
"te iet runa par Ukrainas deokupāciju un okupantu repatriāciju....Vai pats to nesaproti, ka raksti muļķības ;)",0
"Krievu dibenā līdēju lūpīžņi, ja nav vairāk reizes 3 (tāpat kā čurkas) iebāž asti kājstarpē un smilkst kā pēdējās kuces.",2
"Ne jau velti krievu balagāna priekšgalā, kā allaž, soļo vecs žīdu [cenzēts",2
es ieteiktu visus krievus deportēt atpakaļ uz mājām,2
"&quot;braukšanas apstākļiem nepareizi izvēlēts ātrums&quot; - cieš 2009, 2012 gadā dzimuši pasažieri. Tādiem &quot;kamikadze&quot; pautus noraut un uz staba avārijas vietā pakārt;(((",1
"nu čigāni tur ir tāpat, dzērāj iarī.",2
"Un vai tagad tur nesiro čigāni un visi citi kabatzagļi!!? Un ne jau tikai izskats, bet arī visa tā atmosfēra ap autoostu ir vairāk kā briesmīga!",2
"Kārtējo idiotismu izrāda SC2- zoo mērkaķu bara partijele ar rinku pajolīti , ne jau latviešu labā, Okupants ,ka neciena valsts valodu un šo valsti tur jau aplokšņu veidīgo ir lielākie aizstāvamie .Latvijas jamācās demokrātija no ASV , tur visi blēži lai tas būtu gubernātors, senators vai kongresmenis tiek taisnīgi sodīts.Tikai latvijā blēžus netiesā , jo cilvēktiesības neļauj . Nelietis ir jatiesā ASV",1
"Kas tad ir,amerikas žīdi no balēm abdirsās.",2
"Ha, ha, dvieļugalvas čurkas pret - vareno - ASV. Tur jau cūkām jāsmejas. Aizies pa burbuli, kā špickastītes.",2
"Vajag, vajag atlikt, lai tie Rīgas parazītu bari vēl pabarojas un vēl paspēj kaudzēm likumus, nolikumus rekomendācijas, nosacījumus un visādu figņu saražot priekš uzņēmējiem, kas viņus baro.",0
Paldies Dievam tai okupantu valstij ilgi nebūs jāmaks,0
"Nevis krievu kopiena bet gan krievu okupanti ,jeb vienkārši krievu fašisti .Fašisti,fašisti",2
"Cik ilgi pastāvēs žīdu un krievu komunistu vara, kas izdzen trimdā Latvijas pilsoņus šobrīd",2
"Ārprāts.. tie Eiropas noteikumi ir vienkārši DEBILI!!! Nogalināt veselu, jaunu žirafi tikai tādēļ, lai ievērotu kaut kādus sviestainus paša Eiropas parlamenta izdotus murgainus noteikumus.. murgs kaut kāds..",0
Nesaprotu. Tik daudz cilvēku skatītājos ! Dzīvnieka nogalināšana ietilpst zoodārza apmeklētāju izklaides pasākumos ?!,0
videospēlēs ir daudz dzīvību un nonāvēšana ir skaista.zoodārzā bērni redzēja kas ir nāve.bērni redzējuši īstenību nevēlēsies nogalināt.,0
Smirdoņas okupanti - muti ciet!,1
"Ko mēs maza zemīte, pret lielo brūno ļauno lāci iesāktu? Salīdziniet okupantu teritoriju un mūsu. Mums uzreiz tanki iebrauktu kā Gruzij",0
"Nu gan salīdzināji vāciešus ar krieviem. :D ne jau Pabriks un Parādnieks pie vainas, bet lielais okupantu pēcteču īpatsvars, kuriem galvā tikai biezputra, jo tālāk par krievijas propogandu neko neredz un nesaprot. sarunvaloda arī pārsvarā sastāv tikai no nedaudziem vārdiem un teikumiem, kurus var izlasīt uz žogiem, ne masu informācijas līdzekļos. Nu bet savā acī jau pat baļķi neredz",1
nu nav ne mazāko šaubu par urrrlu okupantu revanšismu,1
"Ukraina ir Eiropas maizes klēts. Gribi teikt, ka žīdi arī piedos vāciešiem Holokaustu",1
"Ta nu gluzi nav. Valstis kur nav krievu okupantu un to pectecu krievi citigi macas attiecigas valsts valodu. Baltijas valstu lojalie pilsoni , krievi ari zin valodas. Lielaka dala krievu jutas labi Baltijas valstis un netaisas atgriesties etniskaja dzimtene. Te nerunaju par perkamiem politikiem, kremla lakstigalam",0
"Ar šādu krievijas propogandu nodarbojas vesela ministrija, man kolēģe , kurai māte un māsa dzīvo Kaļiņingradā stāstīja pilnīgi pretējas lietas, bezdarbs, algas niecīgas veči nodzērušies, apgabalā valda krievu un leišu bandīti!!! Tā ka nevajag spraust batonus, bet vispār ja gribiet tad brauciet, vairāk te būs gaisa un mazāk okupantu",0
"Nu tur taču labi redzams, ka viens mērkaķis nolec, nēģeri tam nepievērš uzmanību, bet turpina vajāt tieši cūku.",1
paslēpies senču vērtību nodevējs un okupantu pakalpiņš.vai nav ironiski???,1
"Ukrainā labi redzams, kā varu pārņem legalizētie - naturalizētie okupanti, kolonizatori, rusifikatori un piektā kolonna",0
"Nē nē, visi kas nav tīri latvieši - ir okupanti! Arī tie krievi, kas te līvus okupēja, kurus pēc tam okupēja vācieši, kurus pēc tam okupēja latvieši... nu kaut kā tā apmērām, bet visi.",0
"tieshi taa! Un nenjem tik ljoti pie sirds Kremlja filiaales SC algotos peertikjus, kuru uzdevums ir imiteet puuli. Latvija ir uz pareizaa celja, lai kaa okupanti rietu. Vinji reeja un draudeeja arii pirms iestaajas NATO un ES. Nekas nav piepildiijies. Nekas",1
"Muļķīti, kas tur ko skaust. Pirmkārt, viņš nav krievs bet žīds, otrkārt, jo vairāk naudas, jo vairāk problēmu. Tu tagad Berezovski skaud? Vai Hodorkovski? Vīņi visi priekšlaicīgi zem zemes.Jo vairāk piķa, jo ātrāk zem zemes",1
pašvaldības policistiem ir jāatļauj uz vietas nošaut tādus agresīvus nepiesietus suņus. tad šādi gadījumi neatkārtoties.,0
"Homsas iedzīvotāju skaits ir vairāk neka 650 000 cilvēki nevis 2 nemiernieki, 4 Assada armijnieki ar automātiem un 6 civiliedzīvotāji.... Un cilvēki tiek evakuēti no pilsētas, ko ir aplencis un ieņēmis Assada karaspēks, tātad tos tavus visus varēja nogalināt tikai viņa algotņi.",0
Mr.54 un Mr.20 aicina tūristus lai izkrāptu soda naudas. Okupanti šo pasniedz ka savu KULTŪRU 2014.g,0
"arī ASV, Kanādā, lielākajā daļu D-Amerikas kontinentā... VIENĪGĀIS pluss ir tas, ka viņi novērsa asiņainu konfliktu Sīrijā, citādi Putina Režīms (NE krievu tauta, atkārtoju - NE KRIEVU TAUTA) atkal ietu veco, 400 gadu tradīciju: ieņemt, izmantot, melot.. nogalināt",0
"ir ebrejs! To jau viņi grib lai sajauktu cilvēkiem prātus! Paskatieties kas darās krievu TV! Vieni žīdi, kuri sevi,ja vajag, uztaisījuši par krieviem! To arī grib panākt Latvijā. tā jaunā sieviete nav latviete1",2
"Oh,kā Vienotībnieki mīl naudu .Diez vai šiem izdosies iznīcināt ES tāpat kā viņi piebeidza Latviju ?",0
"rokas nost no kaķveidīgiem-kaķīši ir tādi smukumiņiun mīļumiņi.Kaķveidīgie ir universālākie ctu dzīvnieku slepkavnieki.Ja viņiem nav ko slepkavot tad lai mirst badā,bet ja ēd cilvēkus tad ļoti dabiski ir viņus nogalināt lai netrauc;e dzīvot,uz zemes ,lai kā mēs gribētu visiem dzīves telpas nepietiek.",0
"Nekur citur pasaulē nav tādas stulbības . Anglijā tikai anliski , Vācijā visas skolas vācu valodā . A te okupantu skolas . Latvija tak vairs nav krievu okupēta. Krieviem ja kas nepatīk ir vienkārši jābrauc uz krieviju mācīties",0
Ko tad tu nezināji??? Parādi man kādu žīdu kurš runā savā valodā!!!,2
"Pirmskara periodā ne tikai skolas, bet arī krievu augstskolas bija. Ulmanis mēģināja to iznīcināt, bet vienalga bija. Bet pirms ulmaņlaikiem bija 100% krievu augstskolas.",0
"Vienkārši intresanti - raksta autoram tiešām sieviete biksēs ir kaila?? Izvirtulis vai priduraks, vai ar haltūra?",0
"Riktīgas ielas meitas, m*ukas, tik drausmīgas, ka nevar nopelnīt ka prostitūtas, palika bez darba, tāpēc mēģina nopelnīt šādā veidā.",1
pederasti un pusdullas planckas var māžoties cik patīk atliek tik tev pačurāt aiz kāda koka tā uztaisa no tevis tādu žuliku ka tik turies,2
"Ja skolā pa deviņiem gadiem iemācīs lasīt un rēķināt kā arī elementārās pieklākjības, atbildības un tikumības normas, tad vis būs kārtībā. Vēl jāpanāk, lai visādas lezbistes un pederasti sabiedrisko organizāciju un sazin kādu pseidozinātņu vārdā nebāžās skolās.",1
"Bērni jau no mūsdienu skolām būtu jātur pa lielu gabalu, jo tur slaistās pedofīli, narkomāni, homoseksuāļi un citi savu pretīgo tieksmju pavairotāji sākot no izglītības ministrijas jau. Ar bērniem tur eksperimentē un brīnās, kas uzaudzis. Matemātikas grāmatās māca gudri parunāt par skaitļiem utt.. un kas bērnus aizstāvēs, ja paši vecāki to nedara?",2
"figurē tāda irnformācija, ka ir sagatvotas NATO šavēju vienības, kas apšaus krievu okupantu sagaidītājus",0
"Cirkumcīzija ir interesanta tēma, ss. Šķiet, ka to centās popularizēt arī brokastu pārslu guru Vils Kellogs, kurš brokastu pārslas radīja cīņai pret onānismu. Ja vēlies, varu Tev nosūtīt materiālus par šo operāciju un arī ieteikt labāko žīdu ārstu..",1
piepūšamā raķete un prostitūta sniegbaltītes tērp ;),0
"Paskat tik - kā krievijā piesedz pederastu pāri Ņils&amp;Ameriks. Bet naudu no rere saņēma tieši viņi - Ameriks, ja konkrēti",1
"Okupanti ir nikni uz zviedriem, jo visā jomā zaud.",0
"Ja pareizi atceros, nesen rādīja sižetu pa Krievijas TV, ka krievi sašutuši, ka viesstrādnirki sarunājas savā starpā dzimtajā valoda - to vajagot aizliegt, jo nevar saprast, ko perina. Interesanti, kāpēc man būtu jāpieiceš un jāsaprot, ko perina krievvalodīgie iebraucēji Latvijā? Stāsts par baļķi savā acī un skabargu kaimiņā acī ir dzīvs! Nekaunīgāku nāciju nav nācies redzēt, visi žīdi un melnie nobāl",1
Nesaprotu okupantu keburus..... Te ir LV .... Sovakar musejie svinees uzvaru,0
SC ir okupantu partija un pārstāv okupantu intreses,0
"Vai tu pats gadījumā neesi žīds? It visos portālos tu savos komentāros iestājies par jūdiem. Tavai īpašai zināšanai: uzvārds LINDERMANN ir tipisks jūdu uzvārds, nemaz jau nerunājot par viņa ģīmi. Arī Žirinovskis, kuru tu tāpat nodēvē par krievu, nekādi negribēdams atzīt viņa īstu tautību ir tas pats žīds. Krieviem ir savi vārdi, bet Voļfoviči ir tiem, kuru tautību tu kaunējies publiski iztirzāt. Skaisrs, ka tu negribi sevi kā jūdu kompromitēt un slēpdams savu patieso tautību, visus kuri runā krieviski, ,tu gribi sabāzt vienā mais",1
"Prātīgs raksts. Mums ir obligāti nepieciešams palielināt armijas budžetu. Vismaz tādā mērā, lai iebrukuma gadījumā varam noturēties pāris dienas, kamēr NATO var veikt vismaz kaut kādus sagatavošanās darbus. Pretējā gadījumā, ja okupanti tiks līdz līcim momentāni, tad būs daudz grūtāk kaut ko palīdzēt. Jācīnās ir ar visiem iespējamiem spēkiem, un, lai to redz pasaule, kaut arī izredzes uz uzvaru būtu nelielas. Neuzkāpsim atkal uz K.Ulmaņa grābekļa, pēc tam 70 gadus klausoties okupantu retoriku, ka paši bezmaz aicinājuši",0
žīdene Monika ir padauza! Hilarija ir un būs viņa sieva. Un kur ir tā monika tagad?,1
ĀRPRĀC !!! BRITU valdībai un sabiedrībai stingri kaut kas nav kārtībā ar galvu .....un morāli...meitenes reāli piedzērušās prostitūtas -atiecīgi arī saģērbušās...,0
"Paš vainīgi, ka viduslaikos ļāva skauģiem un marazmātiskiem reliģijas fanātiem lielāko daļu glīto sieviešu sadedzināt kā raganas.Dēļ tā Rietumeiropā galvenokārt tikai nesmukās palikušas.",0
"Tagad es saprotu, kāpēc Briti Latvijā uzvedās kā cūkas, jo viņi pēc būtības tādi arī ir. Gan pēc izskata (sievietes resnas un cūciskas, piedevām ģerbjas kā prostitūtas, laikam tomēr ir lielākas mauk.s nekā latvietes), gan uzvedības ziņā - CŪKAS.",2
"Labs, video! Apollo, šito vajadzētu izlikt! Ne tikai nevar ar pirmo reizi iedarbināt, bet arī bagāžnieks nestrādā. Tapēc laikam okupanti braukā ar BMW uz 9.maiju ar uzrakstiem NA BERLIN! Nu, vai nav jocīgi tie krieveļi, tā viņi grib izrādīt ka Eiropa ir slikta! Ko tad nepērk savas Ladas",0
"Varētu jaut teikt, ka visi krievi ir okupanti un šovinisti, bet Natālija Djakova vismaz šajā gadījumā pierāda, ka tā nav. Tomēr kopumā šis eksperiments ir kārtējais pierādījums, ka pēc iespējas drīzāk ir jālabo kļūdu un jāpāriet uz izglītību tikai valsts valod..",0
"oti jautri - tas parāda, ka krievi ir galīgi atpalikuši- Krievijas himnai mūziku raksta latvietis, vārdus - žīds",1
Jūs te lilākā daļa esiet okupanti,0
ne par velti tas nēģeris iet pa kreisi ta pakaļa tas taču rahits.,2
"kā tu zini par viņu projektiem, dežūrurrrla! visas normālās pasaules sabiedrības uzdevums ir iznīcināt ģeržimordisko ļaunumu, kas nāk nojums urrrlām",1
"Tas jau nav nekāds jaunums no krievu fašistu mutes. Vienīgie krievu okupanti neatzīst, ka ir fašisti, bet visi pārejie fašisti. Krievu okupantu ģimenes okupētās teritorijās ir fašisti",2
"Es dzīvoju Bolderājā un man te tas okupantu kauna stabs absolūti nav vajadzīgs, drīzāk vēl urlēnus vajadzētu deportēt",1
"Redzi, okupants paliek okupants pat tad, ja viņš baznīcā svecīti nolicis.",0
Tu domāji 30% padomju imigranti? Tādu krievu te vairs nav. Ir tikai okupanti,1
"Krievija mums atņēma Abreni, somiem zemi un japāņiem Kuriļu salas. Krievija ir zemes okupanti un zagļi",2
"Zini sieviete.Mums arī ir pie kājas tādi urlīgi lielībnieki ,kā krievu žīdi!?",1
"Protams dakterim Ērglim vienalga, kas ir viņa pacienti - latvieši, krievi, žīdi, arābi, ķīnieši - svarīgi, lai būtu tādi, kas spēj maksāt tik, cik dakteris pateiks.",1
"Pie visa bija vainīgi nevainīgi Krievijas okupanti kuri palika Latvijā kā uzvarētāji. Uzvarētājus kuri pilsoņus izsūtīja uz Sibīriju taču nesoda, vai neatceries ...",0
"Nu tad beidzot lisicins atklāti parāda, ka aizstāv okupantu pēcteču un koloboracionistu bandu",0
"Nevajag Vienotības sarakstā izdarīt izmaiņas, bet to pakārt uz nagliņas sirdsmājiņā.",0
"Brīvība bija īsu brīdi , jo tagad atkal Latvija ir otru OKUPANTU rokās ES",0
"Malači tie,kas PSRS laikā dedzināja okupantu karogus un malači tie, kas šodien sadedzināja okupantu karogu",0
"Humpala ta oriģinālā, bet žīdu - &quot;jūdu ķeniņš&quot; gan ir blefs, bet mauķelei Marijai 'žetons - jau pāris tūkstošus gadu netrūkst tādu muļķu kā Jakovs, kas tic &quot;dievišķai ieņemšanai&quot;",1
"Latviešu Dievam nav nekādas līdzības ar žīdu Jahvi, un dažādiem ar nāvi sodītiem žīdu noziedzniekiem ne tik.",1
"Manu vectēvu nošāva pie mājas sienas komunists - žīds Bergholcs . Tapēc es ienīstu gan vienus , gan otrus.",2
"Kāpēc tāds satraukums par fakta konstatāciju, ka viens okupants nav ne ar ko labāks par otru?",0
Taisnība acīs kož. Ko citu no okupantu pēctečiem var sagaidīt?,1
"25 gadus atpakaļ tu arī brēci ka tevi okupanti apzog, pēdējos 23 gadus nu šeit valda TEVIS VĒLĒTĀ VALDĪBA bet tu arvien brēc ka tevi apzog !!! :)))))",0
"OKUPANTU CUKAS,KA ES JUS IENISTU!!!!!!!!!",1
JAAAA!!!!DAUDZ VEL LETINU LAIZA OKUPANTU PAKALAS!!!!!!,0
"Zviedru pedofīli biedē gan dumjākos ar Krieviju, bet tikmer ta vien turpina zagt un meklēt mazus latvietīsus, -sak' nāc šu bērniņ, paucināšu uz celīša",0
"Driz šitie ne tikai vēsturi, bet arī Bibeli pārrakstis, teiks ka Sodomu u Gomoru Dievs iznicinaja par to, ka tur apspieda pederastu tiesības",2
"Kāds gan sakars valstij un tautai ar tavu vēctēvu? Ja tavu vectēvu žīds būtu apbalvojis, tad tu bučotu žīda zābakus? Vai tā sanāk?",1
"Okupanti neprasīja atļauju okupēt. Vienkārši krievu armija okupēja un izsutīja pusi latviešu uz Sibīriju, un daudzus nogalināja te pat Latvijā.",0
"Jājauc tik nost, riebjas skatīties kā okupanti pie tā katru gadu priecājas ...",0
"Nevis krievu kopiena bet gan krievu okupanti ,jeb vienkārši krievu fašisti .Fašisti,fašisti :-)",2
"Krievija ir agresors un okupants. Lāsts par slepkavām, kas 1940.gadā iznīcināja Latviju. Tagad ir citi laiki, lien vien uz šo pusi ļaunuma impērija, dabūsi pa zobiem no NATO!?",0
"Ir tā, ka noris tiesa par pārvadājumu tiesībām Rīgas pilsētā un konkurss, kurā uzvarēja RMS, jau tiesā ir atzīts par nelikumīgu. Tāpēc viņi cenšas iznīcināt konkurentus ar Pašvaldības policijas palīdzību, veicot ES standartiem neatbilstošas vadītāju tahogrāfu pārbaudes. Vienvārd sakot, pašvaldības policija strādā mafijas interesēs.",0
"Riebiņos dzīvo tādi murmuļi , kas latviski nesaprot ne vārda. Latvieši tur kropļojas okupantu mēlē .",1
bet saitā http;//ipvnews.org/ ir video kurā parādīts kā sīrieši ar granātmetējiem sašauj krievu tankus.kādas 15 epizodes.vienā tankā krievi pamanīja sīriešu karavīru.pagrieza tanka stobru un divreiz izšāva.pirmoreiz stobru aizgrieza pārāk tālu.atpakaļ griežot atkal pāršāva par strīpu.bet sīrietis pat nenodrebēja.kārtīgi notēmēja un iznīcināja okupantu tanku.operators arī nenobijās jo šāvienu laikā kamera nelēkāja.jā sīrieši ir drošsirdīgi vīri.savu zemi viņi iztīrīs,0
"Vispirms nošaut! Ja atkārtotā izmeklēšana rādīs šos par nevainīgiem, reabilitēsim! Pēc nāves.",1
"Kamēr šitādi mongoloīdu mežoņi pa Latviju apkārt vazāsies, normālas dzīves un kulturālas vides mums nebūs. Varētu tak cilvēki dzīvot mierīgi un nemāžoties - bet nē, šiem traucē jau pats fakts, ka šeit dzīvo tādi latvieši, kuri visi vēl nav kļuvuši tādi kā viņi un svešu mēli par savējo pieņēmuši. Un šī &quot;pāridarījuma&quot; dēļ šie gatavi ja ne mūs īsā laikā iznīcināt, tad, ja nekas cits neatliek, savas žults, nenovīdības un ļaunuma no iekšas ēsti, vismaz sevi apskādēt, ar grādīgo indējoties un delīrijā trakojot no logiem lecot...",2
"Gudrinieks, apgalvodams, ka pliki cilveki visi vienadi... nezinu, nezinu... pie kuraam vinja acu skatiens ilgaak kavesies - pie plikas 78 g. vechinjas vai pie jauninjas Veneras... :) Vecais izvirtulis.",1
"Okupants, ja bumbos tad tevi ar pie reizes, Varēsi savus murgus rakstīt ell.",1
Atkal viens okupantu krievs hokejists sačakarē visu Latvijas hokeja spēli.,2
"Kur palika tas izkrāsotais airBalts? Olimpiāde ir galā. Var kraut iekšā visas Lindas Lee, Āboltiņas un nēģeru hokeja specus un braukt mājās. Šicu bronza tā arī paliks augstākā Soču virsotne. Kāda valsts, tāds sports, bet gan jau LOK vīri savu nokāsa.",2
"Nu faktiski jau latvieši vēlas Latviju bez visas šīs naidīgās okupantu varzas, ko putins aizmirsis savākt atpakaļ uz savām sādžām",2
Losandželosas un Sanfrancisko nemieru apspiešanā ASV varas iestādes nogalināja desmitām reižu vairāk nēģeru. Bet Ukraiņu kolēģus nez par ko vajadzētu sodīt?,1
"Latviešu tautai Krievija ir parādā to, ko tā nesamaksāja pēc 1920. g. miera līguma noteikumiem un arī to, kas viņai jākompensē par okupāciju, kolonizāciju, rusifikāciju, sarkano teroru. Man personīgu tā varētu kompensēt to, ka biju spiests pavadīt laiku padomju okupantu armijā, kur mani ar varu iesauca un kur pabojāju arī veselību!",0
"VALDI ZATLER - pirms tevi vēzis sagrauž, liec lūdzu LATVIJAS TAUTU mierā.Neiedvesmo krievu okupantu un kremļa sekotāju pēcnācejiem diktēt MŪSU LATVIJAS nākotni",0
Nesaprotu okupantu keburus..... Te ir LV .... Sovakar musejie svinees uzvaru..,0
"Ja Latvija visas prostitūtas legāli pārdotu uz ārzemēm,arī būtu viena no visattīstītākajām valstīm pasaulē.",2
"Kurš pateiks,cik nevainīgi notiesāto no Latvijas valsts ir pietiesājusi caur Eiropas tiesu? Domāju,ka sanāks kāds miljards eiro! Šodien pat lasu,ka lembis ir dabūjis no manu nodokļu naudas gandrīz miljardu! Kur tagad ir NA brēcēji? Vai tad jums arī vairs neinteresē Valsts un latvieši,bet gan kaut kādi kremlini un čurkas!",1
"ir piecu ukrainā iesūtīto kremļa speciālistu fotogrāfijas.viņi ir atpazīti.to speciālistu bāze atrodas pēterburgā.viņu specializācija ir terorakti,savējo nogalināšana ja vajadzīgs un citi smalki darbiņi.",0
"SC šim plānprātiņam ir kārtīgi sableķojis, lai vēl vairāk saskaldītu latviešu elektorātu. Bet Kremļa pakalpiņi ir piemirsuši, ka marsietis ir sen sista kārts. Un tauta to atceras vēl joprojām!!! Tā kā tev, ekspremjeriņ, spīd tikai 0,5% balsu no tiem idiotiem, kas varētu par taviem švaļiem nobalsot. Ērms tāds, labāk atdod valstij to naudu, ko tev žīdi samaksāja par SM galvojumu! Kur tad varonīgais KNĀBs palicis? Vai tad streiku pieteicis!?",1
"okupants ir piedzimis kā mēsls, ļausim pezdelam mierīgi nosprāgt",1
"3/4 no Ausaiņa brīvbiļetēm ir latviešu nomaksātas kolonistu -okupantu armijas veterāniem ,kas masveidā pēc demobilizācijas pārcēlās uz Latviju.Viņiem pat bija nodibināts'avīzes Izvestija štabs MP telpās kur pieteikties dzīvokļa saņemšanai.ŠLESERA UN Co partija viņus taisās legalizēt ? NEIZDOSIES.",0
"Deokupaciju, dekolonizaciju! Visus okupantu iznireļus ārā no Latvijas uz visiem laikiem",0
"Vai tad tam skricelējumam ir jebkāda vērtība? Hitlers arī var piecelties no miroņiem un uzrakstīt manifestu par žīdu tiesību aizsardzību, tikai jautājums: kurš viņam ticēs? Tas pats ir ar Šleseru. Ir cilvēki, kuru nedarbi runā paši par sevi",1
"Nu ko, visus okupācijas gadus spridzināja, demontēja un iznīcināja latviešu nacionālos piminekļus, tagad pienākusi kārta arī okupantu piemineklim, tas ir tikai likumsakarīgi, kaut gan mazliet novēloti",0
Man gan liekas ka viņi vairāk kolonisti ka okupanti,0
"Tikai tad, kad būs okupanti aizvākušies no Latvijas.",1
"Ja tavi senči nebūtu okupējuši Latviju, tad tu Latvijā nekad nebūtu piedzimusi. Tāpēc, tu esi okupantu pēctecis.Loģiski",0
"Ja Krievijai nebūtu stratēģiskas intereses Ventspilī, zatlerieši pat muti vaļā nevērtu. Lai Zatlers pastāsta, kur ņēma naudu partijai un par ko, pēc 11. Saeimas vēlēšanām, Putina pietuvinātajam oligarham Pjotram Avenam tika piešķirts Triju Zvaigžņu ordenis. Otrs interesants fakts ir tas, ka Sprūdža padomniece juridiskajos jautajumos, vēl nesen aistāvēja otra Putinam pietuvināta oligarha Oļega Deripaskas intereses Rīgas ostas iepirkuma konkursā, bet tagad iesēdināta Rīgas brīvostas valdē. Kremli, Putina personā, nekas cits Latvijā neinteresē, kā totāla kontrole pār tranzītu - Rīgas un Ventspils ostām, kā arī dzelzceļa tranzīts. Pārejais, kaut kādi padomju okupanti, nekādu interesi neizraisa, jo sen jau ir apķēzijušies ar savu dzerstīšanos un stulbu uzvedību sabiedriskās vietās",0
"pareizi dara, dedzina okupantu karogu",0
"Jāsauc atpakaļ (jāatjauno)Valdis Dombrovskis. Otru tādu Latvijā pat ar uguni neatrast. Bērziņ - esi vīts un padzen Uākovu! Tad tevi tauta cienīs. Ne jau okupanti, bet latvieši",0
Okupantu migrantus aaraa no reigas,1
"Tas nav prezidents, bet tautas apspiedējs, naftas izzadzējs, krievijas okupantu pakaļas laizītājs un militārās huntas marionete",1
"Kas tie tādi? Es zinu vienu nēģeri, kurš mācījies Maskavā. Viņš runā krieviski. Vai derēs?",1
"es ari par eiro.ticiet bus labak.Ne pa velti visi musu okupantu pecteci peksni ir PAR latu,peksni baigie patrioti palikushi.Smiekli nak!Vini vienkarshi saprot ka ar eiro ieviesanu mes atkal mazliet attalinamies no vinu matj-rodinas!",0
"Tev taisnība, tā tiešām ir! Bet mūsu drauga, krievijas domes vicespīkera Žirinovska teiktais, ka Baltijas valstis vajag okupēt un iznīcināt, bija domāts pārnestā nozīm",0
"Valstsnācija nenozīmē , ka krievi nav okupanti . Viņu status nemainīsies tik ilgi ,kamēr viņi nepametīs valsti .",1
"Nedomāju, ka ar vienkāršu iesniegumu policijai pietiks... manā gadījumā - es jau ziņoju sociālajam dienestam un bāriņtiesai, tā kā ir vēl iesaistītas citas institūcijas. Arī bērni ir liecinieki, ka tētis solīja nogalināt mammu un ir sitis paša tēvu.",0
"iekrist uz žīdu miera piedāvājumiem Sīrijā.Pāši teroristi, paši indētāji, pāši glābēji, paši sodītāji, Bašar atbruņojies, mēs uzbruksim, kad būsi tuk",2
??????? es nedomaaju ka pederasti.... kautkaa saistiiti ar mums... kur te iet runa par latviskumu!??????,1
"Dīvainā kārtā, visā pasalē lielākie izvirtuļi un mazu bērnu gandētāji ir parasti heteroseksuāļi. Bet ja jau krievija uzskata ka āzis ir labākais dārznieks - nu neko jau neiebildīsi. Viņiem labāk redzamas savas vajadzības un ceļi kā tās realizēt.",2
"Pareizi gan!Šitās šusmas,kas parādījās pēc atdalīšanās no Padomju Savienības,ārprāts!Tad mums te ievazāja to pederastu sērgu,narkotikas un visas citas lietas!Ārprāts!Viena lieta gan bija laba,ievazāja desu un automašīnas.",1
"Rušņi naidojas pret mazajiem baltiem, panaidosies pret ķīniešiem, kam armija vairāk kā krievijā cilvēku, paņems dupsī tā ka okupanti 9.maiju aizmirsīs. :D.",1
D tev tie okupantu huligāni naktī iebelzīs pa tavu stulbo galvu un tu neko vairs nejutīsi pajoli...,1
"No vienas puses, tie kas ievēlēja Rīgā Mušakovu un SC ir līdzvainīgi pie šitās krievijas lidināšanas! Latvieši zaudē varu, tagad krievam būs vieglāk iekarot un tie okupanti - kad ienāks krievu tanki Latvijā visi bļaus kā uz bijušo regati ieraugot krievu kuģus - Ur.",0
Okupants - krievs taisās okupēt Latviju!?,1
"Krievvalodīgie ir lamu vārds, ar kuru nokrustīti ir sovjetiki, pārkrievotie koloboracionisti, okupanti, sevišķi izredzēto okuoantu grupato grupa okupātajās valstīs, kuri cīnās par okupācijas atjauno\\sanu, uzturēšanau",1
Tie Dāņi varētu padomāt par žirafu tēviņu kastrēšanu.Kāda jēga sapārot žirafi un pēc kāda laika tās bērnu nogalināt!,0
Ir ko redzēt bet pie mums purvi un prostitūtas ar narkomāniem Rīgas ielās.,0
"Cerams, ka Kalniete būs tikpat sašutusi, kad Latvijā ieradīsies kārtējais ASV emisārs un sāks nekaunīgi muldēt par nogalināto Latvijas žīdu īpašumiem, kurus esot jāatdod Krievijas ebrejiem.",1
"pasmirdi vēl te zābak, ko gan krievu okupants var pārmest citiem.",1
Ar Krieviju neviens vairs nerēķinās un neko tai nejautā. Arī mums tai uzspļaut pēc visādu Kremļa kuču izteikumiem par Baltijas okupāciju. Krievija - okupantu zeme,2
"Abrenē ir krievu skolas, kur problēma? Okupantu partija atdeva to Krievijai , lai brauc uz turieni un mācās, lai Lindermaņi, Osipovi un Ušakovi tur kandidē par mēriem?",0
"Kangars!!! Lupata un krievu, žīdu pakaļlaiža",1
Es tev nedevu atļauju te vārstīt savu okupantu aborta atlieku žaunu,1
drīzāk āksts esi tu mudozvon ja tiktu tu cūkaci Redliham nagos tad pa tādu ļurkstēšanu viņš tevi slānītu kā vecu smirdīgu sesku un vadoties no taviem stulbajiem spriedelējumiem rādās ka tu esi vai nu pederasts alhokoliķis vai impotents,1
"Vienu viņa noziegumu piesēja citam,un arī viņu ''taisnā'' tiesa lika nogalināt.",0
"Tavai zināšanai prasts ēdiens neatmiekšķē smadzenes, tev izskatās no ikriem un lašiem pavisam aptaukojušās un atmiešķējušās...VDKašņiki turpina izvarot valsti un tautu..",0
Gultā sievietēm visvairāk parazītu. Divkājainu.,0
"TOS NACIONĀLFAŠISTUS KAS VIŅAS UZSTĀDĪJA, UZ VIŅĀM ARĪ VAJADZĒJA PAKĀRT,.....",0
"Te var apskatīties uz baltajiem cilvēkiem, kuriem ir nēģeru līmeņa apziņa!",2
"Man ņirga nāk, lasot okupantu vaimanas ...",1
"Nav korekti salīdzināt Spāniju un Latviju uzturēšanās atļauju tirgošanā krieviem. Spānija ir liela nacionāla valsts un galvaspilsētā Madridē nedzīvo 2/3 agresīvi un nedraudzīgi noskaņoti okupanti un Madrides mērs nav vietējās 5. kolonnas līderis, kura vienīgā doma ir ko vēl ieriebt valstij kurā viņa senči ieradās ar zobenu rokā un izkāva iezemiešus",1
"Rēzeknē pirms kara bija daudz žīdu. Arī citās Latvgales pilsetās. Kara dēļ un politikas pēc tā apmēram līdz 1980 gadiem praktiski visi aizbrauca. Domāju, ka palikušo ir maz. Tā ka jautajums, kas atjauno sinagogu un cik tur būs apmekētāju...",1
"ka žīdi no sūda sataisīs zeltu, ķipo-nafig viņiem jārestaurē,ja to var izdarīt citi.",1
"Žīds no savas kabatas neieguldīs neko - visu izvilks no tautas kabatām. Sociāli taisnīgi būtu, ja Rēzeknes patrioti, ja tur tādi vispār ir, pieliktu sarkano gaili un tajā vietā uzbūvētu senlatviešu koka pili.",1
"palasot šeit viedokļus, var redzēt kā tiek skalotas smadzenes :))) ... jā, okupantu pēcnācēji ir labi izdarījuši mājas darbu t.i. iemācījušies latviešu valodu (vai arī uzpirkusi latviešu kangarus). ... valodu jau var iemācīties (vai arī mugurkaulu pārdot), bet iedzimtā krieviskā imperiālisma smaka nododt jau pa gabalu :))) ... brauciet projām, veidojiet savu jauno post-sovjetikus identitāti ar visiem saviem 9 -jiem maijiem kaut kur Āfrikā, jo Latvijā tas nekad nenotiks! :)))) ... vai valdīt sagribējies svešā zem",1
Sovietu okupanti velti cer revanšēties?,0
Vismaz daļu Sīrijas ķīmisko ieroču Krievija cer izglābt. Kā nekā - pašu ražojums. Amerikāņi grib tos iznīcināt,0
Un Ušaks ir pirmais okupantu bandas pārstāvis. Kā viņu vēl zeme nes. Izskatās ka viņš jau sen ir savervēts Krievijas labā. Arrrrā maitu,1
"ta problēma lielā mērā tur, ka krievi Baltijā, ne tikai Latvijā-neatbilst nacionālās minoritātes statusam, tapēc tiem nepienākās nacionālās minoritātes tiesības. Tiem ir kā visiem migrantiem-tikai vispārējās cillvēku tiesības. Liela daļa vainas jāuzņemas LR Saeimai, kura nav noteikusi-kas ir nacionālā minoritāte Latvijā, tāpat, kā atzinusi okupāciju, bet nav noteikusi-kas ir okupants",0
"Vienalga vinš ir žīds, lai vai kā krievu šovinisti te negribētu piesmērēties..",1
"ļoti labi, tad šos pedus varēs iznīcināt jau asna stadijā",1
"principā jā. Tikai.... cik tu pats būsi gatavs iznīcināt savus (tieši SAVUS, nevis svešus) bērnus vēl agrīnā grūtniecības stadijā?",0
"Pieņemsim, ka tā ir. Tad turpināsim konsekventu cīņu lai visi ģenētiski slimie (pederasti, dauniķi, šizofrēniķi, hemofiliķi u.c.) dibina savas &quot;ģimenes&quot; , adoptē veselus bērnus, rīko krāšņus gājienus ar strīpainiem karogiem un cilvēces laime teju teju būs saskatāma pie horizonta.",1
"Tad jau pedofīli, zoofīli un nekrofīli arī ne pie kā nav vainīgi, pie visa vainojami sabiedrības aizspriedumi.",0
"nu nu, Krievijai jaaseko = seviski tam, kas notika un notiek vinju armijaa un cietumos, pederastu aizliedzeeji...jaasmejas.",1
Drīz atradīs arī pederastu gēnu:D,1
"žīdu cīņas, miers būtu ja viņi viens otru apšautu ar šmaiseriem",2
"pat žīds žīdu gatavs piečakarēt ! lūk klasisks piemērs , kāda ir viņu ideoloģija !",1
"Tu vispār zini par ko šeit tiek runāts ? Slāvs , tas ir viens , bet žīds , tas ir kaut kas cits , un šeit runā par divu žīdu savstarpēju mēģinājumu vienam otru apčakarēt vienalga ar kādiem līdzekļiem .",1
"Tas jau krieviem raksturīgi-- līdz ko kāds krievs taisa ziepes, tā tūlīt tiek pasludināts par žīdu. Kaunaties.",1
Kaut tas pretīgais žīdu purns nosprāgtu,2
Es pat par brīvu negribētu dzīvot tajā žīdu pārņemtajā miskastē ko sauc par Ņujorku,1
"p.s. Valstij,kuru pamet žīdi - nav nākotnes!",1
"skaidrs ,ka netruks tur uzrakstu okupantu valoda,lai kgb miljardierurrrlas netrokshno un nepiecuko liftus",1
uzplauks! Žīdi pārvācas no Krievijas uz Latviju! Jūrmala mudž no viņiem!,1
"Nope. Nav jāsaka ebreju. Ebreju ir krieviski. Latviski kopš neatminamiem laikiem tas ir žīds. Anglis arī neraksta ebrejs vai taml, bet Jew. Žīds.",1
"Viņš vienkārši ir okupantu, kolonizatoru, rusifikatoru interešu aizstāvis Latvijas - Krievijas impērijas un PSRS bijušās kolonijas teritorij.",0
Beidzot ASV žīdi arī viņai iespraudīs krievijas krievžīdu kopienas &quot;kompensāciju&quot; starp kājām,1
"Ja visu okupantu pēcteču personīgās automašīnas, konfiscētu un pārdotu ,nauda atrastos",0
"Raivi,krievi pašā sākumā,kad vēl asv nebija iejaukusies,piegādāja sīrijai ieročus,daļa iedzīvotāju pat fanoja par krieviju.Krievi zina,ja tur ieies asv,tad krieviem tur teikšanas nebūs,krievi pretojas,jo arī grib to zemes gabalu ar naftu iegūt sev.... Krievi nu noteikti nav tie,kuriem kāds rūp,krieviem pat paša zeme nerūp,kur nu vēl kaut kādi sīrieši,pie kam melnie.Krievija ir viena no lielākajām rasistu zemēm pasaulē ! simtiem nēģeru nogalināti!",1
"Ieliksim E-bayā lai Krievija vai Ušakovs to nopērk pats izsolē un aizved uz Krieviju pie savas vecmātes! Kāda vēl vienošanās, mums bija mierizlīgums parakstīts 1920. gadā ka Latvijai pieder visas esošās teritorijas, bet beigās okupanti no SC salīda Saeimā un Abreni atdeva Krievijai. Tapēc mums rupji runājot uz... uz Krievijas vienošanos!",0
To čigānu sērgu tik viegli un ātri nelikvidēsim. :(,2
"Debīls tu esi sesks, tāpat jau var par Latviju pateikt. Tādu s kā Tu vajadzētu ar pārējiem komunistu atbalstītājiem sārtā sarkanā laukumā sadedzināt pēc krievijas iznīcināšanas. Nu ne būs jau ilgi jāgaida.",2
"Tās azeru čurkas varētu paklusēt. Armēņi malači, ka savāca savu Karabahu un laiks būtu azeriem ar savām savas pretenzijām iet uz mazmājiņu.",1
Un tevi deportēt uz dzimto Muhosransku Tambovas apgabalā.,1
Un tevi deportēt uz dzimto Mušdirsiju (krievisko nosaukumu bloķē DELFInārija krievu cenzors)Tambovas guberņā.,1
Pret tiem protestētājiem ir jāveršas ar tiesu darbiem...un netikai.Likumus tak jāievēro-kas būs ja šie sāks bloķēt man alus kroga durvis-tak es dēļ pudeles varu arī nogalināt!,0
Tā okupanti grib iekarot Rīgu . Lai krievus pārrakstītu par latviešiem --- tiek rīkoti bezmaksas kursi . Ušakovs grib Rīgu ------ visu tikai okupantiem krieviem . Pavisam drīz te būs otra Ukraina,1
"Tu, Ločmel, esi pats okupants, ja šitā vari runāt. Sūdu būs tev!",1
"Viņš ka pēc dokumentiem skaitoties latvietis ,bet PSKP nomenklatūras darbonis,izaga Latviju ,un visi okupanti var klaigāt latvieši izaga savu valsti.Bet to izaga un izog PSKP un komjaunatnes nomenklatūra parsvarā krievi un arī daži latvieši.",0
"Tieši tā! Ušakovs ir ieinteresēts iznīcināt Latviju un atstā tikai vienu pašu Rīgu. Bet agri vai vēlu viņam nauda beigsies tik neefektīvi saimniekojot, un tad viņu patrieks ar sūdainu mietuZilupes virzien",0
"Un vel runā ka Latvijā nav cenzūra. Arī vārds pederasts nav nekas briesmīgs, tas ir tas,kas nodarbojas ar pederastiju. Tie P E D E R A S T I bloķētāji paši nesaprot ko dara, vienalga ko tikai bloķēt.",1
"Nav viņi nekādi draugi, bet PSRS sabiedrotie 1945, gadā. Un līdz šai dienai turpinās &quot;maigā&quot; Sabiedroto okupācija ar ASV svētību. Sabiedrotie okupanti diktē politiku Latvij",0
"Vienalga vinš ir žīds, lai vai kā krievu šovinisti te negribētu piesmērēties",1
"Viņa redz pat nejēdz ko0 Krievija te dara,jo pati muld okupantu val.",0
"Sūds tu esi nevis karavīrs! Un tad, kad ar tevi kaut kas notiks, tad tavi radiņi pieprasīs kompensāciju no valsts? Okupants un vieglas naudas tīkotājs tu esi. Armija, pat savas bāzes vietu Kadagu no krieviem neesat atbrīvojuši, mutes brūķētāji",1
"Vācijā kurmjiem nedrīkst darīt pāri. Padošu ziņu saviem vācu draugiem, lai paceļ šo jautājumu ES instancēs, par to, ka Latvijā drīkstēs iznīcināt kurmjus...",0
"Pag, pag, nu gan meitene samurgoja te sazvērestības teorijas... Tas, ka Var iznīcināt, nevienā vietā nenozīmē, ka Vajag iznīcināt! Un Omīte var būt mierīga par saviem kurmju rakumiem! rī manā dārzā tie var mierīgi turpināt rosīties",0
"bļauj zombētie muļķi. Kā var nosaukt par okupantu lieliskos ārstus, zinātniekus, kurus kompartija piespieda šurp braukt? Kā var nosaukt par okupantu 80 gadīgos, kurus pusaudžugados fašisti šurp saveda? Tikai īpaši dauņi viņus par okupantiem apsauk!",1
"Tas nav iespējams. Tev taču to jau paskaidroja? Nepieliec? Nu nevar Breiviku nogalināt 80 reizes pēc kārtas. Viņu var nomocīt līdz nāvei tikai vienu reizi. Nevis 80, 60 vai 10.",0
"Jā nevar breivīku nogalināt 80 reizes,bet 80 reizes uz viņu izšaut arī nevar? Un diez vai katrs upuris mira tikai no vienas lodes............ Ja taupības režīms un žēl ložu,tad lai dzīvo vesels:(",0
"tikai noskaidrot, pirms netā bļaustīties-kas ir okupanti",0
Atbalstot SC tu atbalsti okupantu pēctečus un Maskavas pakalpiņus kā arī Rīgas Domes budžeta naudas notrallinātājus,1
Vēl viens Rīgas Satiksmes pedofīls uzzīmējās?,1
"viss tiek darīts ,lai SC nāktu valdībā !!!! :(((((((( zatleru ar to rīkojumu 2 vajadzētu pakārt aiz olām ! ja pozicija KAŠĶĒSIES KĀ MĪLNIEKI , TAD KREMĻA VZANI ATRI ZVANĪS",1
A kāpēc tas būtu jāmaina? Tas ir labi ka nebrauks un cik vēl laika paies kamēr dabūsim ārā esošos okupantu paliekas! Lai nebrauc :-),0
"Vai tik taisnības dzeguze jeb viņa papiņš nav tāds pats žurka, kurš aizlaidās no savas Rusņas, un te ir milzīgs &quot;patriots&quot; ar trejkrāsas karogu, uz kura attēlots kropls divgalvains putns, savas vācu mašīnas salonā? Un vēl, PSRS okupanti izlaupīja Latviju un tas ir fakts.",0
"Jā, lojāli okupanti būtu simtreiz labāki?",0
Latvijā raksti latviski.Neesi savā rossijā.Ko pieķēzi portālu ar okupantu smaku..,1
"Jūs visi , kas esat par SC un viņus atbalstat , esat tādi paši latvieši , kā tie , kas 1940 .g. Rīgā krievu okupantu tankus sagaidīja ar puķēm?",0
"Vai krieviem, kas dzīvo Latgalē, kurā līdz 1917 gadam nebija Latvijas daļa, bet bija Vitebskas gubernija sastāvā arī jābrauc prom, jo viņu pēcteči tagad ir okupanti un kolonisti? Vai Latvijai nevajadzētu, tad arī pieprasīt daļu no Lietuvas teritorijas, kas tieši otrādi pirms 1917 gada bija iekļauta Latvijas teritorijā. Man tomēr liekas ka pirms kliegt par okupantiem ir vērts papētīt savas dzimtenes vēsturi pirms 1941 gada",0
"jenotiņš pārzin 7 valodas un liekot faktus kopā redz visu ko sarkanie okupanti ir ieplānojuši. Krievvaloda ir jāzina, tieši tapēc lai zinātu ko ienaidnieks ir atkal izplānojis un kādus pārsteigumu saorganizējis lai cik tas nepatiktu SC",0
"sen vajadzēja sist un mērcēt, jo PA NAUDU ATDEVĀS -prostitūta",1
"PAKĀRT PIE PIRMĀ STABA ,VOT KO TAUTA SAKA.",1
"Kāda vēl ''mācīšanās'' Latviešu valodā !? Pietiek ''mācīties'' ! DEPORTĀCIJA- lūk, kur ir risinājums.",2
"Lūgums šīs bildītes nelikt internetā, jo uz tām ir kāri īpaši slimi pedofīli.",0
"Vienīgie, kurus vajadzētu pakārt, ir Rīgas izzadzēji Ameriks un Ušakovs. Pakārt Uzvaras laukum!",1
"Bijušiem okupantiem tiešām par maz zemes, lai aizrijās un nobeidzās tā okupantu valsts, okupējot un piesavinoties Abrenes apgabalu.",0
"Krieviem vismaz ir kaut kāda nostāja, bet amerikāņiem slikti ir gan, gan arī.Tad kādam jodam šaut? Laikam saražojuši tik daudz ieroču, ka baidās ka visa tā borģele viereiz uzsprāgs, tāpēc lēnām sāk iznīcināt",0
"Okupanti un okupētie nekur nav palikuši, lai gan formāli visi ir viena &quot;tauta&quot;. Tā tas ir arī citās bijušajās PSRS kolonijās. Katrs gaida x stundu, kad varēs revanšēties",0
"Tā tika un tiek izlaupīta arī huņņu zeme,bet okupanti izliekas,ka tā ir viņu zeme un viņu zemes dzīļu bagātības",0
"Da par to vien tie miliči ir svoloči, ka vēl joprojām tur stāv Ļeņina pieminekļi un citi okupantu simboli un tie miliči tādus ērmus visu laiku sargā... Vai tā bija &quot;brīva&quot; Ukraina..",1
Krieviem jau tikai divi vainīgi&gt; vai ASV vai žīdi.,1
"Krievi Ukrainā golodomoru nerīkoja. Ukraina bija viena no PSRS oficiālajām dibinātājām, bet PSRS bija ASV žīdu projekts, lai sagrautu Krievijas impēriju un tā mazinātu tās globālo ietekmi. Bet vairāk cieta tieši Ukraina",1
"Okupanti ir nezāles, kuras jāizravē no Latvijas. Gatavojiet sevi šai domai, latvieši!",2
Austrālijas aborigeniem procenti nebūs. Okupanti nedod.,0
"Latviešu meitenes vispār ļoti vismīlīgas pret iebraucēiem no ārzemēm......nevis krievu meitenes vai prostitūtas, bet lētticīgās Latvietes nu tik viesmīlīgas ka pa dāžām glāzēm dod vismam palaizīties. Rigas centrā tas ir visur",1
Par kādu laivu tu nahren runā?? Kur tu dzīvo losi?? gribi vāvuļot pa russki brauc uz krieviju! latvijā ir latviešu valoda. Cik tukšpauri vēl to nesaprot?? parazīti jūs grāmatvedīgie,1
9.maijā šie paši ļautiņi godbijīgi nes puķi Pārdaugavā un apgalvo - mi ņe okupanti,0
Kada starpiba ja viens okupants padzina otru? Un macities vareja ari bez abu okupacijas,0
"Baltijas valstu bijušie okupanti negrib, lai Ukraina tuvinātos Eiropas Savienībā. Kremļa čekists negrib to pieļaut, tādēļ Ukrainā līst asinis.",0
"Krievu asiņainie darbi Ukrainā turpinās, tie negrib, lai Ukraina pievienotos Eiropas Savienībai. Kremļa čekists devis rīkojumu iznīcināt Ukraiņu pretošanos. Visa Eiropa ir Ukraiņu pusē.",0
"Tiešām lien kā utis, tā ir okupantu būtība.",0
bet tas tikai kopš šleseristu un šķēlisti tika nodzīti no skatuves. Rīgā ir drausmīga korupcija. Bet tur arī tad okupants ievēlēts,0
"Maita ,viņam tā ir kņada ,mums nojaukt okupantu objektus ir goda lieta.",1
Krievi ir un būs okupanti!?,2
"Krievi negrib mācīties, jo uzskata, ka viņi te ir atbrīvotāji, nevis okupanti. Viņi dzīvo pēc PSRS ideologījas/. Lielais brālis un mazie brāļi..",0
Okupanti Ukrainai atkal atņems teritoriju. Vecā Gruzijas dziesma. Bet pārējā pasaule tik noskatās.,0
"krievi krimā ir parādījuši, kuri tad ir īstenie fašisti !!!!! Ukrainā virs valsts ēkas sabāzt krievijas karogus....kaut ko ar 9maiju sajaukuši...!!!!!!... BRĪVĪBU UKRAINAI NO OKUPANTU REŽĪMA !!!!",0
nav nekāda minoritāte.Nav uz zemeslodes tādas minoritātes-krievvalodīgie.Latvijā tie ir okupācijas laikā iepludinātie PSRS pilsoņi un okupantu pēcteči.Ar Latviju viņiem nav nekāda sakara,0
man patik ka sitie eiropas pederasti kas skraidija pa maidanu ir samizusi vajadzetu gan man liekas ka sapratam ko dara eiropas savieniba un asv ir robezas kas attiecas uz rusofobiju mums ir tadas pat problemas nebrinisos ja krievvalodigie uztaisis seit savu maidanu atradisies lideris parejais pats notiks,1
"Okupanti!!! Pasaule tagad redz Krievijas īsto seju, ja nu kādam bija kāda ilūzija par Krievijas neitrālo nostāju, tad tagad viss ir kā uz delnas!!",0
"Krimā Krievijas klaidoņi ar georga lentītēm, kā pie mums bijušo okupantu atvases bandas, ieņēmušas Krimas valdības māju. Putins, čekists jau iesaucis 150000 karavīru, simtiem lidmašīnu, tūkstošiem tanku un kara flote ir kaujas gatavībā. Lai nolādēts tas putins.",0
"Svešas zemes okupejuši, to iedzīvotājus slepkavojuši, deportējuši un vajājuši, savus piemineķļus sacēluši, atteikušies integrēties, savuj svešu kultūru ioevažajuši un likuši aukstāk par lokālo, un tie neesot nacisti, bet leģitīmā vara! Krievija uzskata par saviem subjektiem, viss, automātiska deportācija uz tās teritoriju!",0
"Prokrieviskie spēki - JAUNA KRIEVU SUGA, karotāji, sovjetiki? Naida cēlāji pret pamattautu? OKUPANTI? Bandīti?",0
Ukrainai jābūt brīvai no krievu armijas. Krievu okupantu armijai jāizvācās no Ukrainas.,0
Latvieši šo pieminekli uzcēla pateicībā padomju karavīriem par hitlerisko okupantu patriekšanu ! Un neviens NEKAD viņu nost nejauks ! Mēs to nepieļausim.,0
"Mēs otrreiz neļausimies sevi apkaut kā aunus, okupanti par to smagi samaksās",0
"Pilnīgi atbalstu Anitru. Tagad kādam traucē kurmji, tad traucēs sliekas, tad ... un visbeidzot traucēs cilvēki. Man arī kurmis saceļ savas pilis gan ābeļdārzā, gan sakņu dārzā. Patīkami nav, cenšos aizbaidīt. Bet, iznīcināt tikai tāpēc, ka dzīvnieciņš dara savu, no dabas lemto darbu, nenāk ne prātā. Izskatās, ka Mežulim ir pamats bailēm, citādi nebūtu cēlis brēku.",0
100 % tevi atbalstu. Ko tagad- visus iznīcināt? tad jāiznīcina pus pasaules. Arī kurmīši grib dzīvot.,0
Neraža! Šoreiz žīds valda Krieviju.,1
"Ir brīži,kad nav laiks šķirot,jo katra nokavēta minūte var iznīcināt tevi pašu.....",0
"Krievu okupantu pleskavas desantu divīzijas karavīri Krimā apsargā Sinferopoles un Sevastopoles lidostas. Kaut gan krievija, kremlis noliedz to,saucot tos par pašaisardzības spēkiem. Krievu okupanti melo kā vienmēr.",0
"Lai nosprāgst līdz ar Krieviju visi kretīni, viņas atbalstītāji, kas še skribelē komentārus, okupantu pakalpiņi.",2
"nekad nebiju dzirdējis ukraiņu okupants, ukraiņi nekad sveša zemē nav uzspieduši savu valodu utt, ej gulēt Vanja",0
"Redz, ari Hitlers olimpiskas speles novadija pirms sava kara gajiena! Shis viss tiesham neko labu nesola! Tauta, esat modra, pietiek vienam latvietim grauzt otru, bet paraudzities apkart vai nebūs 1940 gada scenarijs! Latvija pietiek krievi ar okupantu domashanu kuri ne tadas provokacijas vien var sarikot, lai Putina shizofrenikis listu sheit atpakalj!",0
"Tie, kas uzbrūk, jau arī ir nacisti, agresori un okupanti. Viņus atbalsta bandītiski elementi, korumpantu un zagļu reketieri.",0
"Tikai nesākiet šo visu siet latviešiem,neviens latviešu virsnieks nedeva pavēli nogalināt ebrejus!",0
amerikānis uzņem filmu pa indiāņu iznīciņāšanu Amerīkā un par žīdu noslepkavoto Cukuru!,1
"Filmu lai velta Vācijai un Amerikas žīdiem ,kāpēc nepalīdzēja Hitleru ātrāk iznīcināt!",1
pastāsti cik palestīniešus žīdi nošāva?,1
"Nevajag melot! Iznāk, ka Ludzā dzīvoja pirms kara 10 000 žīdu un 1 000 citu tautību cilvju! Tātad pēc kara Ludzā palika tikai 1 000 cittautībnieku (laikam arī ne visi?) un 2 žīdi? No kurienes tik melīga statistika par Ludzu? Pašam neērti nepaliek?",1
Kad latvieši uzņems filmu par žīdu darbiem stūra mājā un gulagā.vai varbūt kino cilvēkiem ir doma uzņemt filmu par nacionāliem partizāņiem.Laiks iet!,1
..bet vai Lavents tur ir bijis....bez viņa tā filma nav nekas...arī to mērgli vajag filmēt un rādīt kādi ir žīdu labie darbi Latvijā.............,1
"Mani vienmēr ir pārsteidzis šis milzīgais cipars, kuri, kā kaujami lopiņi, esot dzīvojuši milzīgā aplokā un gaidījuši galu. Poļi pretojās, baltkrievi pretojās, nēģeri ASV pretojās, tikai izredzētā tauta gaidīja, ka viņus kāds glābs. Palabojiet, ja kļūdos!",2
"taisnība un paldies dievam, jo Latvija nekad nenolaidīsies ne līdz kremļu suņu, ne līdz barbaru un okupantu līmenim",0
"Ieviņ, tas taču 90 gadu pajolis, viņš nezin kā bija krievu laikā :) Viņam kkāds āksts ir iekalis, ka krievvalodīgais, tātad okupants un viss. Beztolks strīdēties, viņam nav ar ko salīdzināt..",0
Tur tie žīdi arī būs sastopami ?,1
"Vai tad slinkums, bailīgums, neizlemība, nepārtraukta vainīgo meklēšana un prašņašana ir okupacijas sekas? Divdesmit gadu laikā neko nedari un tik meklē ienaidniekus - protams, ka okupanti ir vainīgi.",0
"tikai noskaidrot, pirms netā bļaustīties-kas ir okupanti?",0
krievu okupanti rej kaucot savā nesaprotamajā mongoļu valodi,1
Angļi nebija mūs okupējuši un viņi nekad neuzvestos kā krievu mužiks - okupants,1
"Vairāk par to, ka viņa nošāvusi pumu, mani šokēja fakts, ka viņai 11gadu vecumā ir bijusi atļauja nogalināt pumas!",0
"VAI TAD KĀDS VĒL ŠAUBĀS , ZINOT KĀDU ŠNOBEĻU ROKĀS ATRODAS PASAULES BANKAS VADĪBA!!! UN CIONISTU ILGTERMIŅA PROJEKTS - VISOS VEIDOS SAMAZINĀT UN IZNĪCINĀT &quot;LIEKO&quot; CILVĒKU POPULĀCIJAS MILJARDUS, KAM NODER ARĪ PEDERASTIJAS UN PERVERSIJU REKLĀMA UN MILZU ATBALSTS VISIEM D EFEKTIEM IKDIENAS UN LIKUMDOŠANAS JOMĀ! UN IT VISUR IZVĒRSTĀS ŠO SLIMO INDIVĪDU ATBALSTA REKLĀMAS - PRAIDI, KONCERTI UN MELĪGAS FILMAS , TĀ VIETĀ, LAI TIEM ATVĒRTU ACIS UN TOS ĀRSTĒTU!",2
"VAI TAD KĀDS VĒL ŠAUBĀS , ZINOT KĀDU ŠNOBEĻU ROKĀS ATRODAS PASAULES BANKAS VADĪBA!!! UN CIONISTU ILGTERMIŅA PROJEKTS - VISOS VEIDOS SAMAZINĀT UN IZNĪCINĀT &quot;LIEKO&quot; CILVĒKU POPULĀCIJAS MILJARDUS, KAM NODER ARĪ P EDERASTIJAS UN P ERVERSIJU REKLĀMA UN MILZU ATBALSTS VISIEM D EFEKTIEM IKDIENAS UN LIKUMDOŠANAS JOMĀ! UN IT VISUR IZVĒRSTĀS ŠO SLIMO INDIVĪDU ATBALSTA REKLĀMAS - PRAIDI, KONCERTI UN MELĪGAS FILMAS , TĀ VIETĀ, LAI TIEM ATVĒRTU ACIS UN TOS ĀRSTĒTU!",2
Pasaules bankai pederastu visatļautība ir svarīgāka par veselības aizsardzību! Īsi un saprotami!,2
"Vai tu dieva vārdā būtu ar mieru nogalināt derdzīgos grēciniekus? Ja nē, tad kapēc?",0
PAGAIDIET DRĪZ LATGALĒ RĒZEKNES UN CITU MAZPISĀNIJAS LATVĀNIJAS TERITORIJU OKUPANTI LŪGS PĻŪTINA PALĪDZĪBU UN NEVIENS NATO MŪS NEAIZSARGĀS IENĀKS KRIEVI PASAULE ATKAL NERKSTĒS LŪDZU LŪDZU TĀ NEDARI...DDD,1
Izraidiit Krievijas vestnieku no LV un paartraukt diplomatiju ar okupantu valsti. NEKAVEJOTIES,0
"mums traucē dzīvot tikai utaino okupantu un kolonistu pēcteči- savāciet savas panckas ,savus bērnus un pšol iz Latvijas ,,,un tad jums galva nesāpes ne par mūsu pensijām un algām....ne pieminekļiem ,ne dziesmu svētkiem--- tāpat ka mums ,ne jūsu algas ,ne jūsu armija ,ne jūsu fašisti",2
"kuram gan vēl ir šaubas, ka tieši krievi un žīdi izzog Latviju, nopērkot kangarus..",2
"Čurka , kas nodevis savus brāļus un ticību, ei palaizi putinam.",1
"Čurka , kas nodevis savus brāļus un ticību. un kas tur čurka var būt tavs, bezsmadzeņu lops.",1
par jauno deklarēšnās iespēju! Tā ir vienreizēja iespēja atbrīvot Latvijas galvaspilsētu no okupantu patvaļas,0
"Viņš speciāli sajauca ar ASV, tādi ir tie sarkanie okupantu meļi un faktu sagrozītāji kuri skatās savu PBK",1
žīds provokātors korens pirms katra piketa sarokojas ar policijas šefu vai vietnieku.,1
Vācu okupanti salīdzinot ar krieviem bija tīrie bērni .,0
"tā sākās okupantu okupācija, ui kur visiem bail ko teikt!",0
Toties krievu salašņas var miljoniem cilvēku miera laikā izvarot un sapūdēt GULAGos. Varoņi takš (no vārda izvarot)!,0
Tie taču vienkārši bruņoti teroristi. Tos vajag iznīcināt.,0
"Cik zīmīga bilde, kurā redzami krievu okupācijas armija un fonā krieveļi, apkārušies ar strīpainajām lentītēm. Varu iedomāties šādu situāciju Rīgā, kur mūsu krievvalodīgo bari uz vēdera līstu okupantu karavīriem klāt zābakus bučot. Nesaprotu, kā mūsu DP pieļāva pēdējo gadu 9. maija glorificēšanu??? Viņi taču to vien gaida, lai RD ieliktenis lūgtu Kremļa palīdzību, lai varētu noraut Latvijas karogu no Prezidenta pils. Un šitais &quot;fašizm ņeprojģot&quot;, cik pazīstams un bieži dzirdēts, ne?",0
Bruņoti okupanti. Un izskatās ka visa pasaule tikai to vien var kā noskatīties!!! Un tas pats laikam būs kad Latvijai uzbruks.,0
minoritātes Baltijas valstīs no 1940. līdz 1945. IZNĪCINĀJA PSRS un Vācija . Pēc 1945. gada Baltijas valstīs ieradās okupanti un kolonizatori,0
"Būtu visas skolas tikai latviešu valodā nebūtu šādu un līdzīgu problēmu. Un vēl, mazākumtautība nav pareizs apzīmējums tautai ar 140 miljonu skaitu, kura šeit ir izpletusies okupācijas rezultātā. Mazākumtautība var būt lietuvietis, polis, tas pats roms vai čigāns",1
"neņem galvā šo žīdu izdzimteni, kas te vemj zem visādiem nikiem kaut ko par zviedreļiem. nekas Latvijai nebija ļaunāks par krievu-žīdu bankām. zviedreļi salīdzinot ar šiem parazītiem, ir kā pūkaini eņģelīši",1
Deportēt visus nepilsoņus no Latvijas !!!!!,0
"Deportēt tadus dauņus , kā tu vajag :))",1
Vēsture atkārtojas Krievija = okupanti,0
"Latvijai vajag reaģēt uz to, ka izsūta visus Krievijas pilsoņus un krievvalodīgos nepilsoņus ārpus valsts robežām, preventīvs pasākums, atbrīvojoties no potenciāliem valsts nodevējiem, kas tagad trako Krimā. Visus krievus deportēt (izņemot pilsoņus).",2
"tu jau tikai kamēr iedzīvotāji nes kotletes un boršču, kad būs jākaro pret Krievijas bandformējumiem, nosvīdīsi kā žīds pa Miķeļiem ...",1
"Laiks Ukrainas armijai. Pēdējais brīdis vest visus kontingentus uz Krimu un neļaut nevienam tur kāju spert, citādi pēc tam nedabūs šos ārā vispār. Parazīti ne nācija :@",0
"bet Latvija nevar (nedriikst?) paruupeeties par savu droshiibu. taa sanaak. krievijas pilsonji nekaveejoties izraidaami, jo vinji ir tieshs apdraudeejums LV un taas pilsonju droshiibai, ar okupantu rezhiimu sadarbojoshas organizaacijas likvideet, ja pretojas saukt pie kriminaalatbildiibas",0
Ko lien latviešu čatā ar savu okupantu propogandu.Lasies pie sava debīlā putkina,0
"Zini,kad man visu laiku boreetu,ka esmu okupants un lai vaacos,man arii buutu .....vainu mekleejat sevii.ir dalja krievvalodiigo,kas runaaa latviski,bet deelj juusu...juus jau visus krievus liekat vienaa maisaa,un pat latvieshus,kas nedomaa ,kaa vienotiiba un NA",0
Baltiju 1940. gadā iznīcināja krievu slepkavnieku bandas kara noziedznieka Staļina vadībā. Ukrianu mēģina iznīcināt Putlera krievija!?,0
Likvidét 9. marija pieminekli. Varbut okupanti nepamanïs. Uz priekśu kontroldemuleiśan,1
"Pareizi.... diskvalificēt! Un pie reizes ar diskvalificēt tos rējējus krievu Delfos un citās vietās, kas mūsu Vairu apgānija pēc izteicieniem ka krievi uzbruks Ukrainai! Kā arī diskvalificēt tos vietējos kas priecājas ka Krievija piekrita uzbrukt Ukrainai! Tie ir potenciālais drauds mūsu Latvijai! Aicinu arī latviešus mest pie malas to niķi un ar vietējiem nelatviešiem runāt okupantu valodā! Lai viņi mūsu zemē ar mums runā latviski, pietiek zemoties!",0
Nav rusofobu - visi zin ka krievi ir drańkki. Okupanti.,2
"Atkal viss atkārtojas. 2008.gadā visi latvieši bļauj: Krievija - Grūzijas okupants. Pēc tam Eiropa pamainīja savu viedokli pretī. Tur tagad miers. Un Ukrainā arī būs miers. Bet ja neko nedarīt, tikai pļapat, tad būs Kosovo un Afganistāns.",0
"Baidos, ka Ukraina Krimu ir zaudējusi uz visiem laikiem. Ja reiz urlostānas okupanti tur ir ievākušies, prom nebrauks. Un sākt karu kādas sūdainas salas dēļ, kas ir pilna ar urlostāņiem arī nebūtu prāta darbs!",1
"Izskatās tie, kas liek mīnusus - izvirtuļi. :)",1
"Deportēt visus Latvijas viesstrādniekus,jo ukraiņi strādās par pus velti.Tas nekas,ka tie buldurēs krievu mēlē.",0
Krievija agresīva okupantu zeme. Brīvu Ukrainu no naglotiem krievu okupantu zābakiem. Mēs ar Ukrainu.,0
"Vai nebūtulaiks uzdot jautājumu: kā Latvijā var darboties Delfi kā Maskavas un krievu okupantu rupors un sabiedrības šķēlējs. Lai arī krievu Delfos ir precīzi norādīts, ka Krievijas parlaments dod zaļo gaismu ievest armiju Ukrainā. Latviski te demagoģiski iet runa par Krimu. Parlamenta grupa, kura šo atļauju deva par Krimu runāja ļoti maz, bet galvenokārt par to, ka ir nepieciešams militāri atjaunot krievu varu Ukrainā un sodīt ASV un Eiropas draugus.",0
"Bet ne visi ir okupanti, pats zinu daudzus , kas vairāk kā daži kārklu latvieši ir gatavi aizstāvēt šo valsti, pat pret sev līdzīgiem austrumos!",0
"Interesanti, ka tikai LV resursos es saskatīju tik daudz rusofobu. Lasot to pašu CNN, komentāros var saskatīt diskusiju starp abām pusēm. Cilvēki, diskutējot, grib pietuvināties patiesībai, jo no abām pusēm ir propaganda. Bet ko mēs šeit redzam? &quot;Ļaunuma imperija; okupanti; utt.&quot; Klauni jūs esat bez smadzenēm, kuri ko viņam rada un pieņem par patiesību - zombie.",0
"Iesim jau ukraiņiem palīgā, vai delfi raustās vai nē.Ukraina ir Ukraina un tāda arī paliks.Hruščovs Krimu uzdāvināja Krievijai 1954 gadā jo negribēja dibināt žīdu autonomo apgabalu.Vienošanās bija ar ASV par brangām naudām,bet &quot;LILIE BRĀĻI&quot; norunu izsēja un viss beidzās.Tāpēc arī žīdi nav mierā un ārdās,iet pie rauda mūra un sit pieri mūrī.",1
"kamēr jūs te visi cepaties ,tikmēr žīdu banda pumpē naudu , veiksmi darbā (viens no pasaules bagatākajiem cilvēkiem ir Abramovičs šķiet,, ka īstens krievs.",2
"Labāk brauc mājās, tu utainais okupants, brauc uz krieviju pie saviem senčiem, varesi atkal savā derevņā savu pufaiku uzvilkt un vaļenkus, pie viena tev izstāstīs kā tavi senči nokļuva Latvijā.",1
"Gan jau ar Ušakovu Maskavā arī ir saskaņots līdzīgs scenārijs Latvijā. RS poļitruki gaida tikai signālu, RD PP nokopletēta ar pakalpiņiem. Patreiz jau SC nodrošina interneta atbalstu Krievijai. Eiropa un ASV tagad tikai saprot, kādu kļūdu pieļāvušas, aizliedzot deportēt okupācijas laikā iebraukušos.",0
"Pienācis laiks padot vagonus! Vini uzvedas kā parazīti, lien pa vienam vien, un sakat, jau savairojies daudz ka mudž, taisni šausmas, vēl savas tiesības sāk uzbāst !",2
šitādus kā tevi pirmo vajadzetu deportēt uz Magadānu,1
"Cik ilgi pasaule mierīgi noskatīsies, kā okupanti iznicina tautas ,vispirms čečeniju ,tad gruziju,tagad ukrainu,kas būs nākamā",0
okupanti laika gaitā nav mainījušies,0
"Laikam pašai miljončiki kaut kur noslēpti, un varu saprast: krievu un žīdu bankām sen jau nevar uzticēties.",1
"Ja jāizvēlas, tad Drošības policija kā pirmo arestēs latvieti, tad krievu un tad žīdu",1
"Ja kāda valdība ir marionešu valdība, tad Krimā hoholi ir okupantu valdība un &gt;50 gadus bija hoholu okupantu marionešu valdība.",1
Hoholi Krimā un Latvijā ir tikai un vienīgi okupanti!!!,1
"Slava melu, provokatoru , okupantu un izvarotāju Krievijai, kārtējo reizi pieradas ka nevar ticēt nevienam vinu vardam , bet lai nu kā, galvenais ir rezultats. Un tas bus Ukrainas sadalīšana un nekada ES vai ASV nepakustinas ne pirkstu lai aizstavētu ukraiņus, jo svarigāks tiem ir savs biezais maks ne kadas tur cilvektiesibas, pamuldes, pakratīs pirkstu, tb jus tur ta uzmanigak darat un viss, žel to ukrainu, vini bus cieteji jebkurā scenarija.",1
"Jājauc tik nost, riebjas skatīties kā okupanti pie tā katru gadu priecājas",1
"Piedāvāju nokrāsot smukā rozā krāsā, apkārtesošajā interjerā ievērot PowerPuffGirls un HelloKitty motīvus. Okupantu sektantu vieta tiks saglabāta, savukārt garāmgājējiem šī instalācija priecēs acis",0
"Nevis krievu kopiena bet gan krievu okupanti ,jeb vienkārši krievu fašisti .Fašisti,fašisti ;)",2
"Jāsaka īsi ,okupanti un čekisti valda kremlī.",1
"Šis lielākais nelietis un krievu okupantu roklaiža, tā vien gaida lai arī Latvijā, krievu bandīts putins sāktu intervenci, tad jau urbim vara un miljoni būtu nodrošināti.",1
Nedrīkst pieļaut Krievijas okupantu patvaļu......,0
"Tam pacanam pierē rakstīts PSRS. Okupantu domāšana, okupanta uzvedība, okupanta retorika.",0
"Okupantu kolonisti neliekas mierā.Lai vācas no kurienes nākuši.Viņi ir tāda pati Krievijas provokācija Latvijā,kā Ukrainā un ar ko tas beidzas, var jau manīt.Nepilsoņi ir jāizvada no Latvijas.Cita ceļa nav.",0
"Žīdi nevis cīnās par krievu valodu(smiekli nāk),bet pilda savu uzdevumu par organizētā haosa ieviešanu pasaulē.",1
"Nav ko barot piekto okupantu Krievijas kolonnu ar krievu skolām Latfvijā, TĀS STEIDZAMI LATVIJĀ JĀSLĒDZ!",0
"Ne krievi, bet žīdi taisa šos piketus! Kas viņiem nekaiš?",1
"Okupanti, vàcieties àrà no Ukrainas.",0
"Okupantu pēcteči sarosījušies, jūt ka Krievija varētu palīdzēt. Baisi ir dzīvot savā zemē ar šādiem kultūras nesējiem līdzās",1
"Agrāk žīdi runāja Latviski vai vāciski, tagad krieviski",1
"Jā , žīdi atkal naido tautas",2
"Kārtējo reizi saujiņa aptaukojušos žīdu bez noteiktas profesijas un nodarbošanās zin, ko vajag krieviem un tie kā aunu bars seko...",1
Vēturiska kļūda ir Sergejs Mironovs! Sūda okupanti grib atpakaļ ar noziegumiem par cilvēci un genocīda palīdzību iekarotās zemes!,1
"Stāsts par to, kā Alberts Perverts pie Maijas Prostitūtas ciemos gāja.",1
"Vispār jau kamēr vieni sēž bāzēs, bet otri pastaigājas pa ielām, okupanti nav ne vieni, ne otri (visi, tai skaitā Krimas vicepremjers, paņem rokās Hāgas konvenciju un izlasa termina `okupācija` nozīmi).",0
"Šito ākstu kaputina okupanti uzmetīs un atdos tiesāšanai cilvēkiem pēc tam, kad kaputinam atgriezīsies galvā nelielas prāta paliekas.",1
"Un nez ko viņi darīs? Varbūt tāpēc jau laikam nogremdēja tos kuģus, lai var iznīcināt Ukrainas floti?",0
Skaisti.....nu iznāk ka ukraiņi un tatāri savā zemē ir okupanti.....,0
Skat.. drīzumā mēs letiņi ar būsim okupanti Latvijā:),0
Žīds blincikovs no Kremļa atsūtīs palīgus vietējiem ickem...viss ka vienmēr ..slava cīnītājiem pret sarkano mēri ..visu godu jūsu cīņai ...,1
"ASV okupanti palielina savu klātbūtni Baltijā? Ņu ņu, cerams ka drīz tos notriektas metāllūžņus bomži metāla pieņemšanas punktos aiznesīs",0
"Klienti ir jāsoda, nevis prostitūtas. Kad klientus sāks likt cietumā, tad šī sērga apstāsies.",0
"Pareizi, lai tās prostitūtas iet ubagot vai lai brauc uz ārzemēm.",1
"kārtējais mēģinājums nopludināt nodokļu maksātāju naudu..... Prostitūcija bija,ir un būs! Vajag prostitūtas un to izmantotājus pielīdzināt seksuālajām minoritātēm un visi laimīgi/",0
"Tu tak esi viens smirdīgs kangars, prostitūta!",1
"Tad pēc tavām domām visi krievi ir žīdi ,jo viņi domā citādi .",1
Palikšu uzticīgs Mobilly un lai tas okupantu perēklis ar savu sms rīga ieskrienas!,1
"Ilze Krastiņa vēl tūlīt pastāstīs ka vācieši žīdus neslaktēja otrā pasaules karā, 6 miljoni žīdi paši līda gāzes kamerās un krematoriju krāsnīs un savu naudiņu atstāja Hitleram aiz sajūsmas",1
"Proti - lai iepazītos ar bagāto kultūras mantojmu vienai tautai, kurai šo mantojumu sagādāja nēģeru mulats-kvarterons, uzvārdā Puškins? Muhāāaahāaaaa tauta, kuras kultūra ir afrokrieva radīta - tas ir kas unikāls!!!!",2
"A ko viņš te vispār dara? Lai gāž uz savu tēvzemi un tur izpildās! Sibīrijā varēs iegādāties kaut četrus dzīvokļus, parazīts un liekulis!",0
Birokrāti savās dusmās ir ļauni un var cilvēku arī iznīcināt .,0
"Ja esi izvirtulis, ēd virtuli!",1
Vai manu vai cik tas ir brīnišķīgi ķīnas krekla vietā nēģeris izvēlas letiņu kreklu. ESmu tik priecīgs un pateicīgs...Ko es te muldu galu galā...:),2
"Lielākie pedofīli ir Mārupē kur pat nogalina māti,lai varētu izmantot bērnus......",1
"Šodien pilns veikals ar apmātajiem , kas svin žīdu ''sieviešu dienu''.",1
Un nav jāklausās okupantu mēle :),0
luk ka veidojas jaunas okupantu armijas,0
Ka tik pēc notikumiem Ukrainā to nepārņem krievu okupanti.,0
"Es vairs negribu, lai Dinamo spēlē Ukrainas okupantu līgā",0
kaut mūsējie zaudētu visas spēles okupantu līgā,0
"Vilis Skuja nekur nelidoja, jo vins bija pederasts",1
Šitiem abiem okupantu atbalstītājiem atņemt LV pilsonību.Lai kratās uz savu Krieviju.,1
Ceru krievu okupantu suņi tiks padzīti !!!,1
"smagi sagrozītas tev smadzenes... Krima ir Ukrainas sastāvdaļa, kāds sakars okupantu armijai? filtrē ko runā? Ukrainas armija brauc SAVĀ VALSTĪ ieviest kārtību...",0
Lasu ziņas- vieni vienīgi kapeņu stāstiņi Vienotības meli un plānveida tautas iznīcināšana.,0
esam brīva valsts un okupanti nenorādīs kā mums pieminēt mūsu varoņus!,0
Jaunās pasaules kārtības veidotāji mētājas savos paziņojumos kā tāda prostitūta,2
"brauciet , jā, uz krimu arī, var padomāt ka krimā jūs gaida, tur gaida kad beidzot būs krievijas okupācija, lai būtu miers, bet ne pastavīga draude un diskriminācija no nacikiem, jūs tur busiet okupanti !",1
Es negribu to slepkavu uzturēt. Nošaut vajag.,1
Un kur ir teikts ka meitenei jāzina kā tur kautkādu nēģeri sauc!,1
"atkal draud nogalināt,debilie cilveki .draud nogalināt par twitosanu FACEPALM",0
"Tieši tā jau arī uzvedās. Apšāva un izsūtīja. Neizdevās visus iznīcināt, izdzīvojām.",0
nu rashkas lieli gudrenieki uz visādām provokācijām kopā ar bijušo spiegu pūpēdi okupantu putleru .,1
Slimie okupanti. Idejas autorus būtu jādeportē!!!,1
"Nesmīdini, pipariņ! Arī uz Krimu brauca tikai atpūsties, bet atveda līdz 50 tūkstošu armiju un kazaku bandas. Pat pamest Krimu nevienam neļauj- patīk ar kājām spārdīt, nogalināt, vai vismaz ar 'pļotkām' uzšaut grūtniecēm pa kājām.",1
"Brīžiem man liekas , ka leģionāriem ar to domāšanu ir tā pašvaki. Jautājums ir šāds- Vai tiešām mēs nevaram būt gudrāki un izdomāt kaut ko tādu, lai šiem žīdu un krieveļu bļauriem sabojātu šos svētkus. Piemēram beidzamajā brīdī mainam ziedu nolikšanas procesu un neviena nav . Nez ko šie Putina , Ždanokas un Ušakova laizītāji darīs. Mēs varētu par viņiem gardi pasmieties. Noteikti par to sajūsmā būs arī viņsaulē esošie leģionāri.",1
"Ja Tu būtu latvietis,tu par savu tautu nekad nesauktu par latvāņiem.To ir izdomājuši okupantu ņergas!",0
lūgums bērniem līdz 30 šo komentāru nelasīt-jūs tāpat nesapratīsiet....jeņķus izskatās pārņēmusi Hitlera lielummānija...jeņķi savāc valsti pēc valsts ar minimāliem zaudējumiem-tāpat kā Hitlers.Hitlers karu ar svojakiem sāka 22.jūnijā un bija ieplānojis 7.novembrī noskatīties Maskavā sarkanajā laukumā vērmahta uzvaras parādi...ar ko tas beidzās zināms...krieviju var iznīcināt bet ne iekarot...un ja mēģinās to darīt ar kodolieročiem tad visumā parādīsies vēl viena neapdzīvota planēta...,0
"šie undegraund mūziķi ir vienīgie patiesie mūziķi Latvijā, pārējie ir komerciālas prostitūtas. Viss gods un cieņa Mārim un viņam līdzīgajiem.",0
Lietotus tampaksus šajos žīdu svētkos katrai palaistuvei !,1
šogad 16marts sakrīt ar krimas okupantu sarīkoto pseidoreferendumu.šodien krievijas karaspēks ir krimā .mēs esam nākamie uz strīpas.10000 latvijas patriotu pie mildas 16 martā butu cienīga atbilde krievijas okupantiem.,0
"krieviem mēs tāpat vienmēr būsim fašisti no fašistu zemses, kurā viņi gan labprāt dzīvotu, tā ka vari teikt un līst viņiem cik dziļi gribi, no tā nekas nemainīsies. Labāk no ieņēmuma pārpalikuma nojauc to okupantu saieta pieminekli pārdaugavā. .",1
"Cilinskis ir vienīgais no LV valdības, kurš ir pelnījis cieņu un saglabājis godu! pārējie ir žīdu provokatoru sūkātāji un laižas!",1
"Ieklīdeņiem ļoti gribas padarīt savu atrašanos MANĀ zemē legālu... Bet nekā nebija- okupants ir un paliks okupants. Vienalga, cik gadu pagājis. Un ļoti gribas ticēt Finka redzējumam par ļaunuma impērijas galu un visu nelūgto &quot;viesu&quot; mājāsbraukšanai!",1
"Kas tie par cilvēkiem?Maskavas iela,Bolderāja?Vai kādam vē ir šaubas par 30% valsts iedzīvotāju, kas nav lojāli šai valstij?9.maijs tad visi varēs redzēt kas ir šie cilvēki kam Krievijas okupanti ir mīļākie draugi!!!",0
"Mums ir tikai viena iespēja - ar steigu ir jāatbrīvojas no šīs tršdaļas, kuri atbalsta okupāciju, jo šādi indivīdi var skart arī mūs. Vienīgā iespēja deportēt, vai neintralizēt uz visiem laikiem.",2
"Tā trešdaļa paši ir okupanti, jeb viņu atvases,kuri okupēja Latviju.Tādēļ arī viņi atbalsta savējos,Krimas okupantus.Nav jau nekāds brīnums.Ja pat Saeimā un rīgas Domē tādu pārpilnam, tad citādi nemaz nevar būt.Par saprātu te nemaz nav runa.Okupantiem tāda nav.",2
Stulbs esi?! Amerika ir indiāņu zemi! Angļi un Spāņi ir kolonisti un okupanti. Viņi joprojām okupē indiāņu zemi un uzbrūk pārējiem. ASV ir jāiznīcina,2
"izskatās ka šeit daudziem vajadzētu ieklausīties Robespjēra vārdos-es varētu tevi nogalināt par taviem uzskatiem,bet esmu gatavs mirt lai tu varētu varētu tos paust citiem!",0
"Nu un tā trešdaļa ir agresīvi noskaņoti krievi kuri vēlas lai Latvijā arī ievestu krievu tetuškas (pedofīli, maniaki, izvirtuļi, slepkavas un visbeidzot nacisti) :D un krievu karaspēku!",2
"Tātad trešdaļa ir potenciālie Latvijas OKUPANTI , cik pietrūkst lai mūs okupētu tāpat kā Krimu . Vajag STEIDZAMI risināt jautājumu par nepilsoņu okupantu pēcteču deportāciju ārpus Latvijas rōbežām . Valdība laikam grib lai mēs organizējam pašaizsardzības nodaļas , patriecam okupantus , pēc tam uztaisam referendumu , nobalsojam ,bez okupantiem un salašņām ,un viss būs kārtībā . Vajdzības gadījumā jāatjauno TAUTAS FRONTI . Ilgāk gaidīt ir noziegums.",1
Ko jus te okupanti piketejiet. Brauciet uz savu krivzemi un atbalstiet savu Plutinu.,1
"Lai nolādēti tie krievu okupanti visā pasaulē. Tā ir ne tikai Ukrainas nelaime, bet arī Eiropas un Āzijas nelaime.",0
"Nesen paskatījos krievu TV un tur krimā viens vecs pamuļķis, nokāries ar krievu ordeņiem trakāk nekā mīļais leonīds brežņevs, izmisīgi kliedza ka krievi nekad nevienam nav uzbrukuši un trakākais, ka izskatījās, ka viņš tam pats tic un apkārtstāvošie sarkanie fašisti piekrītoši māja ar galvām :( Bēdīgi, būtu kaut kāds viņam pastāstījis kā sarkanie okupanti uzbruka Somijai.",1
"JĀ, Delfi zina ko dara,viena cilvēka viedoklis rada iespaidu,ka visa Ukraina ir bezmaz uz pusēm sadalījusies un tas ir divu kopienu konflikts,nevis krievu okupantu un civilokupantu agresija citā, brīvā valstī!",0
Šos čurkas ārpus EU robežas vai uz Zilupi Mežu cirst zē bē kāpēc Delfis vispār par tie čurkām raksta,1
"A kapēc viņus vienkārši nedeportēt no šīs nevēlamās valsts.Tieši tāpat kā Francijā čigānus,ko var ar viņiem te auklēties,jābeidz raustīties no tās saucamās okupantu zemes krievijas.Un vispār ar likumu noteikt krieviju kā rupju lamu vārdu.Jābeidz baidīties.",1
Kā pieriebušies šitie žīdi. Viņu ir pārāk daudz. Fakts.,2
"Ceru, ka tieši tāda pati nostāja un lēmumi būs arī tad, kad tuvosies okupantu svētki pie okupantu pieminekļa.",1
"Kad valdība aicinās iedzīvotājus nepiedalīties okupantu izdarībās 9. maijā? Viss, paldies valdībai - 16. martā iešu kopā ar leģionāriem pirmo reizi mūžā.",1
"katru gadu vienu un to pašu gvelž: tak jau bija pateikts, ka kārtējā eiropas regula neatļauj LV pašai lemt par pāreju, vai nepāreju uz citu laiku..visu diktē briseles žīdi!! lettiņiem nav nekāda lemšana.. kāpēc tad jāveic aptauja?",1
Nē okupantu valsts sporta līgam,0
Valoda ir saziņas līdzeklis nevis cilvēku klasifikācijas pazīme pēc kuras nosaka - cilvēks vai necilvēks :-) Ko jums tur saskaņjūgendā māca ? :-),0
"Pie mums varneši tikai tad noliegs narkotikas,kad pašus pamatīgi sāks nogalināt tās pašas ''legālās narkotikas'',domāju,ka tad ātri tiktu sakārtoti gan lēmumi,gan likumi.",0
"Tā šie okupanti okupēs visu teritoriju līdz Kijevai. Man sāk likties, ka tas ir speciāli veidots Krievijas plāns atļaujot okupantiem okupēt teritorijas. Okupanti jau visu smalku teātri izdomājuši lai okupētu svešu teritoriju, tapēc nepretojas bet ļauj ieplūst svešam karaspēkam.",0
"O jaa,tagad aizliegsim tautai piemineet savus varonjus un liksim 9 maijaa trennuskaas un pillaa doties pie okupantu piemineklja slavinaat slepkavas",0
"Jā, tikai uz krievu rokām nekad nekā nav. Var slepkavot, spīdzināt, izvarot un vienmēr balti un pūkani:))",1
"Pilnīgi nekādas līdzjūtības, ja nodeg pašu dedzinātāju īpašumi, bet ja svešs, tad dedzinātājus vajag pie baznīcas zvana pakārt.",1
Mēs paši zināsim. Okupanti mūs nemācīs!,0
"tiešām ---,delfi laikam speciāli biežāk un biežāk šo feisu liek ekrānos--- paliek slikta dūša skatoties uz šo okupantu piedēkli...kas KRIMAS VARIANTU labprāt redzētu Latvijā,PAT NE REDZĒTU VIEN ,TAS IR VIŅA KLUSAIS SAPNIS.",0
Tikai lielkrievu šovinisti un okupanti kāpj ar kājām uz krēsliem! Normāli cilvēki uz tiem sēž.,0
"nu nesmīdini! Tiešām domā, ka latviešiem būtu vajadzīgs okupantu pēcteču mierinājums?",0
"Pirms kādu nosaukt par okupantu būtu prātīgi tev pašam tikt skaidrībā, kurs te ir, un kurš nav okupants....",0
Es netaisos pat uzklausīt kaut kādu padomju okupantu murgus! Piedrāžu tos radījumus!,1
"Krievi isdzina trimda 48000 tukstosus Latvijas iedzivotajus, vecus un jaunus, musu mila brivvalts valdiba 400000 tukstosus, jaunus izglitotus. Valsts ispostita un iszagta, tauta nabadziba. Neviens okupants Latvijai un tautai nav nesis tadu postu ka musu mila valdiba. Velesim par V un NA.",0
Žurka . Tie okupanti vis maz pacela rupniecibu. elektrostacias.,1
"Man monitorā rāda kaut kādus nesaprotamus simbolus, bet ja Tu uzrakstītu visu to pašu latviski, būtu interesanti izlasīt, ko šajā jautājumā domā aprobežots okupants...",1
"Nu tu melo. Bijušie leģionāri tak būvēja saieta namus un biedrības. Bijušie šucmaņi arī izgāja sabiedrībā, nebija par ko sarkt. Žīdu šāvēji - cita lieta, tie nebiedrojās ar latviešiem un ar Latviju arī nesarakstījās. Katrs vsuns zina, ko ēdis",1
"Re kā šito atbalsta arī viss sc skribentu kantoris !!! Izdari secinājumus - kam tu kalposi 16 martā. Es arī godināšu šo dienu bet ne pēc kremļa scenārija ar kautiņiem , ko okupanti tik gaida, lai sāktos provokācijas !",1
Lai Valmieras komunistu līkkājis un mēslu vabole to pasaka pārkrievotiem u r l u okupantiem un naidīgiem žīdu fašistiem 9.maijā un Bastejkalnā 16.martā .,2
Pederasts ir gejs ar stāžu .,2
"Lai tas lohs fašists iet gājienā un noliek savu mandātu, tadus pakārt - naida kurinātajus starp tautām",1
"Nu kad Latviešus veselām dzimtām izveda uz Sibīrijas gulagiem, tad viņu mājās un dzīvokļos bez prasīšanas dažš labs parazīts salīda! Vai nebūs godīgāk parazītus nogādāt atpakaļ savā ģegrāfiski lielākajā valstī, kur pārapdzīvotība nav problēma, bet invāzija kaimiņvalstīs liecina, ka ir citas izteiktas dzīvesvides problēmas, jo redzam, ka atpakaļ gluži neraujas!",0
šitā ņirgāties par mašīnām var tikai necilvēks!,0
"Visi zagļi un parazīti ar klāt ! Gan inkēns, gan demakova, gailis, skrastiņš u.c.",1
"žīds paliek žīds, visi slikti, paši tikai Dieva bērni",2
marks un engelss -Vācijas žīdi. kurus tajā lakā neviens nevajāja,1
"Tas tomēr ir uzjautrinoši :D Mīnusiņu licēji, vai jūs domājat, ka, ja saliksiet daudz mīnusiņus, tad Marks pārstās būt par žīdu, bet Engels par vācieti? Nē, nu labi, tad vēl noprecizēsim - Engelsam tēvs bija vācietis, bet māte holandiete ;)",1
"Man personigi ir pilbigi vienaldzigs 16 marts. Bet ja kadam tas liekas tik svarigi , nu tad lai pauzh savu nostaju. Ja jau pat pederasti un zilie var brivi pa ielam skraidit un reklamet savu seksualo izvirtibu, tad neredzu nu ne mazaka iemesla kadel cilveki nevar paust savu nostaju par 18 martu. Tas pats ari par 9 maiju&lt; man ir pilnigi nosplauties uz tadu 9 maiju. Kadam tie ir svetki, bet vairumam sakums celam uz izsutijumu",2
"iedomaajieties ļaunumu ,ko šis necilvēks izdarijis valstī,krīze,nozagtas pensijas ,to indeksācija,emigrācija no valsts",0
"Ministrs ir cilvēks, nevis necilvēks!",0
"Piekrītu Ozoliņa rakstam pilnībā. Cilinskis un citi 16.marta gājiena dalībnieki grib pierādīt absurdu, ka 16.marts ir Latvijas patriotu diena. Kā &quot;iekšējo pārliecību par neatkarīgu Latviju&quot; var pierādīt ar vācu okupantu divīziju pieminēšanu un apjūsmošanu? Truleņi ir bijuši visos laikos un Cilinskis&amp;co to tikai pierāda.",0
"Krievija vienalga ,atradīs vienmēr kādu , parasti melīgu iemeslu, lai nomelnotu Latviju , tam palīdzēs vēl daļa žīdu. Tā tas ir ar gadiem, nekas jauns . 16. marta noliegšana skādēs tikai mums pašiem.",1
"ATZĪMĒJAM KOLOBRACIONISTU,NOZIEDZNIEKU, OKUPANTU DIBINĀTO LEĢIONU, KĀ DĒĻ IZSŪTIJA",0
"Laikam grib iznīcināt ziedu veikaliņus pavisam. Būtu labāk priecājušies, ka meitenes strādā, nevis prasa pabalstus valdībai vai brauc uz ārzemēm. Tik tiešām, nekāda leiputrija tur nav.",0
"Ļoti patīkami, cerams okupanti aizvāksies.",0
"Ja būs daudz sazagto līdzekļu,varēs dzīvot cepuri kuldami kā slavenais latviešu un žīdu šāvēja Boļeslavs Maikovskis.",1
"labāk uzreiz nošaut uz vietas, piemēram, Polijā - pagājušā gadā ziemas sākumā man sanāca ātruma pārkāpums+apdzīšana zem zīmes+ dubultā josla, sods 20 LVL, bez soda punktiem, tā kā nav arī citur sodi kosmosā, jo pamatā iziet uz prevenciju (stacionārie radari), un ja pārkāpu kā bonusu dabūju klausīties lauzītā poļu-krievu mēlē audzinošu lekciju par satiksmes noteikumu ievērošanas svarīgumu",0
"Kāda civilizēta mums tā Krievija. Bet oponentu ar ložmetēju nošaut kā Korejā, to gan jau ļooti gribas.",0
Ar šo spēli latvieši varētu pielikt beidzot punktu savai dalībai uz visiem laikiem tajā okupantu valsts hokeja līgā.,0
"Iesaku rūpīgi palasī internetā, kas ir fašisti. Un ar iedzimtu plānprātību, kas mantota no tēva alkoholiķa un mātas - prostitūtas, parasti nelepujas.",1
"Uz okupantu nekaunīgo publisko žūpošanu 9 maijā ir jārada policijai iespēju būt tik pat augstā uzdevumu līmenī un parūpēties par kārtību, kad tur būs pieteikts pikets pret krievu ievazāto sarkano mēri un okupantu zvērībām Latvijā un Baltijā",1
"Tu patiešām esi MURMULIS! Tu neko nezini un nesaproti, kas ir nacists, fašists un komunists! Tu esi ar aprobežotu prātiņu! Nav jēga tev teikt, lai palasi vēsturi un uzklausi vēl dzīvi palikušos komunisma upurus, jo tavas smadzenes ir pilnas ar okupantu žļurgu!",1
"Žēl normālās ukraiņu tautas, neviens normāls cilvēks tomēr negrib dzīvot sarkano mēra krievu jūgā. Okupanti savairojušies pa visu pasauli.",0
"Nolādētie okupanti uzcēluši, bet tūdaļini visu izlaupīja.",1
Nacisti ASV var soļot ar plakātiem pa žīdu rajoniem. Policija viņus aizsargās.,1
"Gribētos gan šiem sirotāju un Krimas okupantu pēctečiem Kosovas variantu, bet neizdosies, jo Krievijai ir kodolieroči, tā nav Serbija.",1
"Nēģeris cīnīsies par indiešu tiesībām runāt Krimā krieviski. Etniskajā dzimtenē beņiem ir forši - papūš vējš un no palmām birst kokosrieksti un vīģes un visādi gardumi - danco un dziedi. Bet vēsākos platuma grādos maizīte jānopelna, kaut vai ar dziedāšanu pēc kāda onkuļa stabules. Varētu, protams, doties uz etnisko dzimteni un tur cīnīties par ķīniešu tiesībām runāt Āfrikā krieviski, bet ir viens liels liels BET . . ., pastāv risks, ka etniskie ciltsbrāļi var Beni vienkārši notiesāt pusdienās.",2
"glupais nēģeris staigāja pa Rēzekni,un smērēja sienas ar visādiem saukļiem,.....mātei nelaime...",2
Klau kā viņus tagad pie mums Latvijā dēvē? Melnie? Nēģeri? Afroamerikāņi? Lai veicas - labāk lai cīnās tur nekā šeit! Praviiy Sektor viņu ātri pūlii pamanīs,1
"Deportēt uz roģinu, anulēt LV pilsonību. Principā visiem krievu ekstrēmistiem un pukstētājiem ir jāanulēlē pilsonību un jādeportē lopu vagonos!!!",2
"Gan jau Krimā savu dabūs un ja kas, tad Krimas okupanti Latvijā nav vajadzīgi. Domāju, ka Anglija agri vai vēlu vēl pateiks savu vārdu par Beness Aijo darbībām Krimā.",1
"dzied krieviski runājošais 21. gadsimta fašistu pūlis, urlas paliek urlas- žīdi vai rossijaņe",1
"Vēl jau nav gājis, bet jau atbrīvots. Tāpat kā čigāns, nopēra savu bērnu, bet izrādījās - nebija vanīgs. Čigāns neapjuka, vien noteica - noderēs uz priekšdienām. Varētu pasmieties, ja nebūtu tik nopietni.",1
"Latviešu leģionāri nebija okupanti, bet krievu sovjeti bija. Izvāc viņus no šejienes uz no kurienes nākuši un tu atrisināsi daudzas problēmas gan sev, gan citiem.",1
Krievs tāds okupants ka nu tikai! Paskaties kam tikai nav zemes nozadzis. Tagad arī Krimu!,1
"nez vai Teilāna kunga kristālskaidrie un ar milzīgu intelektu apveltītie apsargi sargās žīdu tautības nacionālā naida kurinātājus, ļaunā Kremļa Pundura apmaksātos agresorus, un provokatorus no klusajiem sirmajiem vīriem, vai lauzīs pēdējiem ārā rokas?",1
"Latviešu ziņu portāli sajūsminās ap Ukrainas jauno valdību jo pārpublicē tikai oficiālos viedokļus kamēr vācu kanālos jau visi ņirgājas un zina ka Ukrainas revolūcija izmaksāja ASV 5 mijardus dolāru un jauno valdību sauc par nacistu salašņām un visi jau saprot ka cilvēkus šāva pēc tam kad neizdevās ne ar kādām citām metodēm iekustināt demonstrantus uz vardarbību ar līķiem, berkuts nešāva uz cilvēkiem un arī cilvēki ipaši nesliecās viņus nogalināt.",1
Nu viens riktīgs čigānu tabors.....,1
"nu ja tā ir dziesma, ted es esmu nēģeris, mans sūds ir rozā un garšo pēc zemenēm",1
A ko čurkas (nezin kapēc tos čurkveidīgos vēl par krieviem sauc - no kriviem (tieši sļāvu kiviem) nevis krieviem) tur nekā jau sen vairs nav) ēdīs ja 45% valsts ienākuma sastāda gāze un nafta?,1
Krievus vajag deportēt uz mājām,2
"žīdu izdzimtenis, tādi ir jūsu latviešu preži.",1
Tas žīds ir izglābies . Dīvaini,2
"Tie taču krievu žīdi,sabraukuši pēc kara no plašās&quot; matuškas,Ždanoka,Pliners,Kogans ,Lindermanis,Dombrovskis,Godmanis un daudzi citi ,kuri kurina naidu starp Latvijā dzīvojošām tautām.Varbūt pietiek ar to ka ekonomiski sagrāva valsti un vēl grib iznīcināt latviešus un latviešu valodu.",1
Okupants nevar būt minoritāte.Krievvalodīgais nav nacionalitāte.,0
"Visi okupanti, kur spēruši kāju, uzskata par savu dzimteni.Vispirms iemācies cienīt citus tad cīenīs arī tevi.Okupantam to nesaprast.",0
Šim žīdu fašistam Latvijas pilsonību pēc viņa apglabāšanas 9pēdas zem zemes.,2
Kompānijas dēļ pat žīds pakārās .,1
"Spriežot pēc gramatikas kļūdām, esi okupants",0
"Labi ka okupants ,nevis ar UL diplomu tualetes mazgatajam un shampinjonu lasitajam Irija vai Anglija !!!",1
"Okupantu karaspēka, krievijas, atrašanās Krimā ir nelikumīga.",0
Tāda paša okupācija no kremļa puses bija Latvijā 1940. gadā. Tie paši kremļa okupanti.,0
"Nevis Latvijai vienotība ir lielākais drauds,bet gan visai parazītu bandai,kas bezkaunīgi izvaro savas tautas. Tāpēc beidziet šķiest naidu viens uz otru. Parazītiem ir bail no Jūsu vienotības..",0
Ukrainas okupācijas gadijumā ir jāsāk vajāt un patriekt no Latvijas krievu okupanti un viņu atbalstītāji.,1
